https://law.justia.com/codes/louisiana/2025/revised-statutes/title-1/	Title 1 - General Provisions
https://law.justia.com/codes/louisiana/2025/revised-statutes/title-2/	Title 2 - Aeronautics
https://law.justia.com/codes/louisiana/2025/revised-statutes/title-3/	Title 3 - Agriculture and Forestry
https://law.justia.com/codes/louisiana/2025/revised-statutes/title-4/	Title 4 - Amusements and Sports
https://law.justia.com/codes/louisiana/2025/revised-statutes/title-6/	Title 6 - Banks and Banking
https://law.justia.com/codes/louisiana/2025/revised-statutes/title-8/	Title 8 - Cemeteries
https://law.justia.com/codes/louisiana/2025/revised-statutes/title-9/	Title 9 - Civil Code-Ancillaries
https://law.justia.com/codes/louisiana/2025/revised-statutes/title-10/	Title 10 - Commercial Laws
https://law.justia.com/codes/louisiana/2025/revised-statutes/title-11/	Title 11 - Consolidated Public Retirement
https://law.justia.com/codes/louisiana/2025/revised-statutes/title-12/	Title 12 - Corporations and Associations
https://law.justia.com/codes/louisiana/2025/revised-statutes/title-13/	Title 13 - Courts and Judicial Procedure
https://law.justia.com/codes/louisiana/2025/revised-statutes/title-14/	Title 14 - Criminal Law
https://law.justia.com/codes/louisiana/2025/revised-statutes/title-15/	Title 15 - Criminal Procedure
https://law.justia.com/codes/louisiana/2025/revised-statutes/title-16/	Title 16 - District Attorneys
https://law.justia.com/codes/louisiana/2025/revised-statutes/title-17/	Title 17 - Education
https://law.justia.com/codes/louisiana/2025/revised-statutes/title-18/	Title 18 - Louisiana Election Code
https://law.justia.com/codes/louisiana/2025/revised-statutes/title-19/	Title 19 - Expropriation
https://law.justia.com/codes/louisiana/2025/revised-statutes/title-20/	Title 20 - Homesteads and Exemptions
https://law.justia.com/codes/louisiana/2025/revised-statutes/title-21/	Title 21 - Hotels and Lodging Houses
https://law.justia.com/codes/louisiana/2025/revised-statutes/title-22/	Title 22 - Insurance
https://law.justia.com/codes/louisiana/2025/revised-statutes/title-23/	Title 23 - Labor and Worker's Compensation
https://law.justia.com/codes/louisiana/2025/revised-statutes/title-24/	Title 24 - Legislature and Laws
https://law.justia.com/codes/louisiana/2025/revised-statutes/title-25/	Title 25 - Libraries, Museums, and Other Scientific
https://law.justia.com/codes/louisiana/2025/revised-statutes/title-26/	Title 26 - Liquors-Alcoholic Beverages
https://law.justia.com/codes/louisiana/2025/revised-statutes/title-27/	Title 27 - Louisiana Gaming Control
https://law.justia.com/codes/louisiana/2025/revised-statutes/title-28/	Title 28 - Mental Health
https://law.justia.com/codes/louisiana/2025/revised-statutes/title-29/	Title 29 - Military, Naval, and Veteran's Affairs
https://law.justia.com/codes/louisiana/2025/revised-statutes/title-30/	Title 30 - Minerals, Oil, and Gas and Environmental Quality
https://law.justia.com/codes/louisiana/2025/revised-statutes/title-31/	Title 31 - Mineral Code
https://law.justia.com/codes/louisiana/2025/revised-statutes/title-32/	Title 32 - Motor Vehicles and Traffic Regulation
https://law.justia.com/codes/louisiana/2025/revised-statutes/title-33/	Title 33 - Municipalities and Parishes
https://law.justia.com/codes/louisiana/2025/revised-statutes/title-34/	Title 34 - Navigation and Shipping
https://law.justia.com/codes/louisiana/2025/revised-statutes/title-35/	Title 35 - Notaries Public and Commissioners
https://law.justia.com/codes/louisiana/2025/revised-statutes/title-36/	Title 36 - Organization of the Executive Branch
https://law.justia.com/codes/louisiana/2025/revised-statutes/title-37/	Title 37 - Professions and Occupations
https://law.justia.com/codes/louisiana/2025/revised-statutes/title-38/	Title 38 - Public Contracts, Works and Improvements
https://law.justia.com/codes/louisiana/2025/revised-statutes/title-39/	Title 39 - Public Finance
https://law.justia.com/codes/louisiana/2025/revised-statutes/title-40/	Title 40 - Public Health and Safety
https://law.justia.com/codes/louisiana/2025/revised-statutes/title-41/	Title 41 - Public Lands
https://law.justia.com/codes/louisiana/2025/revised-statutes/title-42/	Title 42 - Public Officers and Employees
https://law.justia.com/codes/louisiana/2025/revised-statutes/title-43/	Title 43 - Public Printing and Advertisements
https://law.justia.com/codes/louisiana/2025/revised-statutes/title-44/	Title 44 - Public Records and Recorders
https://law.justia.com/codes/louisiana/2025/revised-statutes/title-45/	Title 45 - Public Utilities and Carriers
https://law.justia.com/codes/louisiana/2025/revised-statutes/title-46/	Title 46 - Public Welfare and Assistance
https://law.justia.com/codes/louisiana/2025/revised-statutes/title-47/	Title 47 - Revenue and Taxation
https://law.justia.com/codes/louisiana/2025/revised-statutes/title-48/	Title 48 - Roads, Bridges and Ferries
https://law.justia.com/codes/louisiana/2025/revised-statutes/title-49/	Title 49 - State Administration
https://law.justia.com/codes/louisiana/2025/revised-statutes/title-50/	Title 50 - Surveys and Surveyors
https://law.justia.com/codes/louisiana/2025/revised-statutes/title-51/	Title 51 - Trade and Commerce
https://law.justia.com/codes/louisiana/2025/revised-statutes/title-52/	Title 52 - United States
https://law.justia.com/codes/louisiana/2025/revised-statutes/title-53/	Title 53 - War Emergency
https://law.justia.com/codes/louisiana/2025/revised-statutes/title-54/	Title 54 - Warehouses
https://law.justia.com/codes/louisiana/2025/revised-statutes/title-55/	Title 55 - Weights and Measures
https://law.justia.com/codes/louisiana/2025/revised-statutes/title-56/	Title 56 - Wildlife and Fisheries