https://law.justia.com/codes/louisiana/2025/revised-statutes/title-49/rs-49-1/	§49:1. Gulfward boundary
https://law.justia.com/codes/louisiana/2025/revised-statutes/title-49/rs-49-2/	§49:2. Sovereignty over waters within boundaries
https://law.justia.com/codes/louisiana/2025/revised-statutes/title-49/rs-49-3/	§49:3. Ownership of waters within boundaries
https://law.justia.com/codes/louisiana/2025/revised-statutes/title-49/rs-49-3-1/	§49:3.1. Legislative intent and purpose
https://law.justia.com/codes/louisiana/2025/revised-statutes/title-49/rs-49-4/	§49:4. Water boundary between Louisiana and Mississippi
https://law.justia.com/codes/louisiana/2025/revised-statutes/title-49/rs-49-5/	§49:5. Penalty for interference with marks or buoys
https://law.justia.com/codes/louisiana/2025/revised-statutes/title-49/rs-49-6/	§49:6. Gulfward boundary of coastal parishes
https://law.justia.com/codes/louisiana/2025/revised-statutes/title-49/rs-49-21/	§49:21. Suits to prevent encroachment on state's rights
https://law.justia.com/codes/louisiana/2025/revised-statutes/title-49/rs-49-22/	§49:22. Selection of special counsel
https://law.justia.com/codes/louisiana/2025/revised-statutes/title-49/rs-49-23/	§49:23. Compensation of special counsel
https://law.justia.com/codes/louisiana/2025/revised-statutes/title-49/rs-49-24/	§49:24. Jurisdiction of certain international organizations
https://law.justia.com/codes/louisiana/2025/revised-statutes/title-49/rs-49-41/	§49:41. §§41 to 45 Repealed by Acts 1989, No. 662, §8, eff. July 7, 1989.
https://law.justia.com/codes/louisiana/2025/revised-statutes/title-49/rs-49-46/	§49:46. Repealed by Acts 1976, No. 471, §3
https://law.justia.com/codes/louisiana/2025/revised-statutes/title-49/rs-49-47/	§49:47. Council of State Governments
https://law.justia.com/codes/louisiana/2025/revised-statutes/title-49/rs-49-48/	§49:48. Repealed by Acts 1976, No. 471, §3
https://law.justia.com/codes/louisiana/2025/revised-statutes/title-49/rs-49-49/	§49:49. Division of local affairs or its successor; purpose, establishment, duties of director, submission of data, functions of division, administration of programs affecting community affairs and development, coordinating community developments, authorization for appropriations and state grants, report
https://law.justia.com/codes/louisiana/2025/revised-statutes/title-49/rs-49-50/	§49:50. Repealed by Acts 1989, No. 662, §8, eff. July 7, 1989.
https://law.justia.com/codes/louisiana/2025/revised-statutes/title-49/rs-49-61/	§49:61. Body of agreement
https://law.justia.com/codes/louisiana/2025/revised-statutes/title-49/rs-49-71/	§49:71. Purpose
https://law.justia.com/codes/louisiana/2025/revised-statutes/title-49/rs-49-72/	§49:72. Definitions
https://law.justia.com/codes/louisiana/2025/revised-statutes/title-49/rs-49-73/	§49:73. Persons to whom applicable; exceptions
https://law.justia.com/codes/louisiana/2025/revised-statutes/title-49/rs-49-74/	§49:74. Registration of lobbyists with the ethics board; compilation of information
https://law.justia.com/codes/louisiana/2025/revised-statutes/title-49/rs-49-75/	§49:75. Reports and statements under oath
https://law.justia.com/codes/louisiana/2025/revised-statutes/title-49/rs-49-76/	§49:76. Lobbyist expenditure reports
https://law.justia.com/codes/louisiana/2025/revised-statutes/title-49/rs-49-77/	§49:77. Administration
https://law.justia.com/codes/louisiana/2025/revised-statutes/title-49/rs-49-78/	§49:78. Enforcement
https://law.justia.com/codes/louisiana/2025/revised-statutes/title-49/rs-49-78-1/	§49:78.1. Prohibited conduct; additional remedies; contract defeat or voidability
https://law.justia.com/codes/louisiana/2025/revised-statutes/title-49/rs-49-111/	§49:111. Claims by persons indebted to state
https://law.justia.com/codes/louisiana/2025/revised-statutes/title-49/rs-49-112/	§49:112. Claims against state prescribe in ten years
https://law.justia.com/codes/louisiana/2025/revised-statutes/title-49/rs-49-113/	§49:113. Salaries and wages of employees illegally separated; off-set of wages earned in outside employment
https://law.justia.com/codes/louisiana/2025/revised-statutes/title-49/rs-49-121/	§49:121. Name of board, department, or subdivisions; marking on boat or vehicle; Louisiana public license plates; exemptions
https://law.justia.com/codes/louisiana/2025/revised-statutes/title-49/rs-49-122/	§49:122. Abbreviations
https://law.justia.com/codes/louisiana/2025/revised-statutes/title-49/rs-49-123/	§49:123. Penalties
https://law.justia.com/codes/louisiana/2025/revised-statutes/title-49/rs-49-124/	§49:124. Vehicles exempt
https://law.justia.com/codes/louisiana/2025/revised-statutes/title-49/rs-49-125/	§49:125. Sale of surplus movable property at auction
https://law.justia.com/codes/louisiana/2025/revised-statutes/title-49/rs-49-125-1/	§49:125.1. Electronic device; transfer
https://law.justia.com/codes/louisiana/2025/revised-statutes/title-49/rs-49-126/	§49:126. Promotional stickers on public vehicles
https://law.justia.com/codes/louisiana/2025/revised-statutes/title-49/rs-49-131/	§49:131. Board created; members
https://law.justia.com/codes/louisiana/2025/revised-statutes/title-49/rs-49-132/	§49:132. Meetings; quorum
https://law.justia.com/codes/louisiana/2025/revised-statutes/title-49/rs-49-133/	§49:133. Duties of board
https://law.justia.com/codes/louisiana/2025/revised-statutes/title-49/rs-49-134/	§49:134. City of Baton Rouge, approval of board necessary for erection of state buildings
https://law.justia.com/codes/louisiana/2025/revised-statutes/title-49/rs-49-135/	§49:135. State Capitol Complex; approval of construction
https://law.justia.com/codes/louisiana/2025/revised-statutes/title-49/rs-49-136/	§49:136. Plaques and memorials
https://law.justia.com/codes/louisiana/2025/revised-statutes/title-49/rs-49-141/	§49:141. Division of State Buildings; superintendent; duties
https://law.justia.com/codes/louisiana/2025/revised-statutes/title-49/rs-49-145/	§49:145. Use of public buildings; discrimination
https://law.justia.com/codes/louisiana/2025/revised-statutes/title-49/rs-49-146/	§49:146. Facilities to which public invited; discrimination
https://law.justia.com/codes/louisiana/2025/revised-statutes/title-49/rs-49-148/	§49:148. Construction and design of state-owned buildings; persons with disabilities
https://law.justia.com/codes/louisiana/2025/revised-statutes/title-49/rs-49-148-1/	§49:148.1. Specifications for grounds, buildings and facilities
https://law.justia.com/codes/louisiana/2025/revised-statutes/title-49/rs-49-148-2/	§49:148.2. Enforcement of Subpart
https://law.justia.com/codes/louisiana/2025/revised-statutes/title-49/rs-49-148-3/	§49:148.3. Construction by political subdivisions, private enterprise
https://law.justia.com/codes/louisiana/2025/revised-statutes/title-49/rs-49-148-4-1/	§49:148.4.1. State-owned buildings; suitable accommodation for breastfeeding and lactation
https://law.justia.com/codes/louisiana/2025/revised-statutes/title-49/rs-49-149/	§49:149. Repealed by Acts 2022, No. 507, §3, eff. June 16, 2022.
https://law.justia.com/codes/louisiana/2025/revised-statutes/title-49/rs-49-149-1/	§49:149.1. Repealed by Acts 2022, No. 507, §3, eff. June 16, 2022.
https://law.justia.com/codes/louisiana/2025/revised-statutes/title-49/rs-49-149-2/	§49:149.2. Repealed by Acts 2022, No. 507, §3, eff. June 16, 2022.
https://law.justia.com/codes/louisiana/2025/revised-statutes/title-49/rs-49-149-3/	§49:149.3. Repealed by Acts 2022, No. 507, §3, eff. June 16, 2022.
https://law.justia.com/codes/louisiana/2025/revised-statutes/title-49/rs-49-149-4/	§49:149.4. Repealed by Acts 2022, No. 507, §3, eff. June 16, 2022.
https://law.justia.com/codes/louisiana/2025/revised-statutes/title-49/rs-49-149-5/	§49:149.5. Repealed by Acts 2022, No. 507, §3, eff. June 16, 2022.
https://law.justia.com/codes/louisiana/2025/revised-statutes/title-49/rs-49-149-21/	§49:149.21. Governor Sam Houston Jones Building, New Orleans
https://law.justia.com/codes/louisiana/2025/revised-statutes/title-49/rs-49-149-22/	§49:149.22. William J. "Bill" Dodd Building, Baton Rouge
https://law.justia.com/codes/louisiana/2025/revised-statutes/title-49/rs-49-149-23/	§49:149.23. Executive offices of the Department of Children and Family Services
https://law.justia.com/codes/louisiana/2025/revised-statutes/title-49/rs-49-149-24/	§49:149.24. Justice Albert Tate, Jr. Building
https://law.justia.com/codes/louisiana/2025/revised-statutes/title-49/rs-49-149-25/	§49:149.25. Judge Fred J. Cassibry Square, New Orleans
https://law.justia.com/codes/louisiana/2025/revised-statutes/title-49/rs-49-149-25-1/	§49:149.25.1. Chief Justice Pascal F. Calogero, Jr., Courthouse
https://law.justia.com/codes/louisiana/2025/revised-statutes/title-49/rs-49-149-26/	§49:149.26. Pike Hall, Jr., Courthouse, Shreveport
https://law.justia.com/codes/louisiana/2025/revised-statutes/title-49/rs-49-149-27/	§49:149.27. Bobby Fletcher Agricultural Center, Covington
https://law.justia.com/codes/louisiana/2025/revised-statutes/title-49/rs-49-149-28/	§49:149.28. State buildings; approval
https://law.justia.com/codes/louisiana/2025/revised-statutes/title-49/rs-49-149-29/	§49:149.29. J.C. Willie Building
https://law.justia.com/codes/louisiana/2025/revised-statutes/title-49/rs-49-149-30/	§49:149.30. Reverend Avery C. Alexander Academic Research Hospital
https://law.justia.com/codes/louisiana/2025/revised-statutes/title-49/rs-49-149-31/	§49:149.31. Senator Chris Ullo Building
https://law.justia.com/codes/louisiana/2025/revised-statutes/title-49/rs-49-149-32/	§49:149.32. Edgar G. "Sonny" Mouton, Jr. Sports and Entertainment Plaza
https://law.justia.com/codes/louisiana/2025/revised-statutes/title-49/rs-49-149-33/	§49:149.33. Willie F. Hawkins Emergency Care Center
https://law.justia.com/codes/louisiana/2025/revised-statutes/title-49/rs-49-149-34/	§49:149.34. Carl W. Aron Building
https://law.justia.com/codes/louisiana/2025/revised-statutes/title-49/rs-49-149-35/	§49:149.35. J. Burton Angelle Building
https://law.justia.com/codes/louisiana/2025/revised-statutes/title-49/rs-49-149-36/	§49:149.36. Governor P.B.S. Pinchback Building
https://law.justia.com/codes/louisiana/2025/revised-statutes/title-49/rs-49-149-61/	§49:149.61. Rev. Avery C. Alexander Plaza
https://law.justia.com/codes/louisiana/2025/revised-statutes/title-49/rs-49-149-62/	§49:149.62. A. Z. Young Park
https://law.justia.com/codes/louisiana/2025/revised-statutes/title-49/rs-49-149-63/	§49:149.63. Michael C. Voisin Hatchery
https://law.justia.com/codes/louisiana/2025/revised-statutes/title-49/rs-49-149-64/	§49:149.64. Reverend Dr. T.J. Jemison Memorial Statue, Baton Rouge
https://law.justia.com/codes/louisiana/2025/revised-statutes/title-49/rs-49-149-65/	§49:149.65. Oscar James Dunn Memorial
https://law.justia.com/codes/louisiana/2025/revised-statutes/title-49/rs-49-150-1/	§49:150.1. State capitol complex; allocation of space; maintenance; law enforcement officer and firefighter memorial; Gold Star Families monument; African-American military service members monument
https://law.justia.com/codes/louisiana/2025/revised-statutes/title-49/rs-49-150-2/	§49:150.2. Use of unlicensed motor vehicles within the state capitol complex
https://law.justia.com/codes/louisiana/2025/revised-statutes/title-49/rs-49-151/	§49:151. State seal
https://law.justia.com/codes/louisiana/2025/revised-statutes/title-49/rs-49-152/	§49:152. United States flag to be displayed
https://law.justia.com/codes/louisiana/2025/revised-statutes/title-49/rs-49-153/	§49:153. State flag; when to be displayed
https://law.justia.com/codes/louisiana/2025/revised-statutes/title-49/rs-49-153-1/	§49:153.1. POW/MIA flag; display over state capitol
https://law.justia.com/codes/louisiana/2025/revised-statutes/title-49/rs-49-153-2/	§49:153.2. Flags flown at the state capitol
https://law.justia.com/codes/louisiana/2025/revised-statutes/title-49/rs-49-153-3/	§49:153.3. Display of the flag of the Republic of Vietnam
https://law.justia.com/codes/louisiana/2025/revised-statutes/title-49/rs-49-154/	§49:154. State flower
https://law.justia.com/codes/louisiana/2025/revised-statutes/title-49/rs-49-154-1/	§49:154.1. State wildflower
https://law.justia.com/codes/louisiana/2025/revised-statutes/title-49/rs-49-155/	§49:155. State song
https://law.justia.com/codes/louisiana/2025/revised-statutes/title-49/rs-49-155-1/	§49:155.1. State march song
https://law.justia.com/codes/louisiana/2025/revised-statutes/title-49/rs-49-155-2/	§49:155.2. State environmental song
https://law.justia.com/codes/louisiana/2025/revised-statutes/title-49/rs-49-155-3/	§49:155.3. State musical instrument
https://law.justia.com/codes/louisiana/2025/revised-statutes/title-49/rs-49-155-4/	§49:155.4. State judicial poem
https://law.justia.com/codes/louisiana/2025/revised-statutes/title-49/rs-49-155-5/	§49:155.5. State Senate poem
https://law.justia.com/codes/louisiana/2025/revised-statutes/title-49/rs-49-155-6/	§49:155.6. State cultural poem
https://law.justia.com/codes/louisiana/2025/revised-statutes/title-49/rs-49-156/	§49:156. State emblem of military service; display over the state capitol
https://law.justia.com/codes/louisiana/2025/revised-statutes/title-49/rs-49-157/	§49:157. State artist laureate
https://law.justia.com/codes/louisiana/2025/revised-statutes/title-49/rs-49-158/	§49:158. Louisiana Day
https://law.justia.com/codes/louisiana/2025/revised-statutes/title-49/rs-49-158-1/	§49:158.1. Native American Week
https://law.justia.com/codes/louisiana/2025/revised-statutes/title-49/rs-49-158-2/	§49:158.2. Childhood Cancer Awareness Month
https://law.justia.com/codes/louisiana/2025/revised-statutes/title-49/rs-49-159/	§49:159. State bird
https://law.justia.com/codes/louisiana/2025/revised-statutes/title-49/rs-49-160/	§49:160. State tree
https://law.justia.com/codes/louisiana/2025/revised-statutes/title-49/rs-49-160-1/	§49:160.1. State fruit tree
https://law.justia.com/codes/louisiana/2025/revised-statutes/title-49/rs-49-160-2/	§49:160.2. State steam locomotive
https://law.justia.com/codes/louisiana/2025/revised-statutes/title-49/rs-49-161/	§49:161. State colors
https://law.justia.com/codes/louisiana/2025/revised-statutes/title-49/rs-49-161-1/	§49:161.1. State mammal
https://law.justia.com/codes/louisiana/2025/revised-statutes/title-49/rs-49-162/	§49:162. State fossil
https://law.justia.com/codes/louisiana/2025/revised-statutes/title-49/rs-49-163/	§49:163. State gemstone
https://law.justia.com/codes/louisiana/2025/revised-statutes/title-49/rs-49-163-1/	§49:163.1. State mineral
https://law.justia.com/codes/louisiana/2025/revised-statutes/title-49/rs-49-164/	§49:164. State insect
https://law.justia.com/codes/louisiana/2025/revised-statutes/title-49/rs-49-164-1/	§49:164.1. State butterfly
https://law.justia.com/codes/louisiana/2025/revised-statutes/title-49/rs-49-165/	§49:165. State dog
https://law.justia.com/codes/louisiana/2025/revised-statutes/title-49/rs-49-166/	§49:166. State fruit
https://law.justia.com/codes/louisiana/2025/revised-statutes/title-49/rs-49-167/	§49:167. State pledge of allegiance
https://law.justia.com/codes/louisiana/2025/revised-statutes/title-49/rs-49-168/	§49:168. State crustacean
https://law.justia.com/codes/louisiana/2025/revised-statutes/title-49/rs-49-169/	§49:169. State reptile
https://law.justia.com/codes/louisiana/2025/revised-statutes/title-49/rs-49-169-1/	§49:169.1. State amphibian
https://law.justia.com/codes/louisiana/2025/revised-statutes/title-49/rs-49-170/	§49:170. State drink
https://law.justia.com/codes/louisiana/2025/revised-statutes/title-49/rs-49-170-1/	§49:170.1. Garden Week
https://law.justia.com/codes/louisiana/2025/revised-statutes/title-49/rs-49-170-2/	§49:170.2. Official state "Christmas in the Country"
https://law.justia.com/codes/louisiana/2025/revised-statutes/title-49/rs-49-170-3/	§49:170.3. Cajun and creole heritage
https://law.justia.com/codes/louisiana/2025/revised-statutes/title-49/rs-49-170-4/	§49:170.4. State freshwater fish
https://law.justia.com/codes/louisiana/2025/revised-statutes/title-49/rs-49-170-5/	§49:170.5. State painting
https://law.justia.com/codes/louisiana/2025/revised-statutes/title-49/rs-49-170-6/	§49:170.6. State tartan
https://law.justia.com/codes/louisiana/2025/revised-statutes/title-49/rs-49-170-7/	§49:170.7. State saltwater fish
https://law.justia.com/codes/louisiana/2025/revised-statutes/title-49/rs-49-170-8/	§49:170.8. State jellies
https://law.justia.com/codes/louisiana/2025/revised-statutes/title-49/rs-49-170-9/	§49:170.9. State meat pie
https://law.justia.com/codes/louisiana/2025/revised-statutes/title-49/rs-49-170-10/	§49:170.10. Official state "Uncle Earl's Hog Dog Trials"
https://law.justia.com/codes/louisiana/2025/revised-statutes/title-49/rs-49-170-11/	§49:170.11. State vegetable plant; state vegetable
https://law.justia.com/codes/louisiana/2025/revised-statutes/title-49/rs-49-170-12/	§49:170.12. State cuisine
https://law.justia.com/codes/louisiana/2025/revised-statutes/title-49/rs-49-170-13/	§49:170.13. Gateway to the Atchafalaya Basin; St. Mary Parish
https://law.justia.com/codes/louisiana/2025/revised-statutes/title-49/rs-49-170-14/	§49:170.14. State song for the Hurricane Katrina and Hurricane Rita recovery effort; official state troubadour
https://law.justia.com/codes/louisiana/2025/revised-statutes/title-49/rs-49-170-15/	§49:170.15. Gateway to Louisiana and America; Plaquemines Parish
https://law.justia.com/codes/louisiana/2025/revised-statutes/title-49/rs-49-170-16/	§49:170.16. State symbol
https://law.justia.com/codes/louisiana/2025/revised-statutes/title-49/rs-49-170-17/	§49:170.17. State boat
https://law.justia.com/codes/louisiana/2025/revised-statutes/title-49/rs-49-170-18/	§49:170.18. Irish-American Heritage Month
https://law.justia.com/codes/louisiana/2025/revised-statutes/title-49/rs-49-170-19/	§49:170.19. Folklife heritage
https://law.justia.com/codes/louisiana/2025/revised-statutes/title-49/rs-49-170-20/	§49:170.20. Equine Capital of Louisiana; St. Landry Parish
https://law.justia.com/codes/louisiana/2025/revised-statutes/title-49/rs-49-170-21/	§49:170.21. Thoroughbred Breeding Capital of Louisiana; St. Tammany Parish
https://law.justia.com/codes/louisiana/2025/revised-statutes/title-49/rs-49-170-22/	§49:170.22. State nut
https://law.justia.com/codes/louisiana/2025/revised-statutes/title-49/rs-49-170-23/	§49:170.23. Native Plant Month
https://law.justia.com/codes/louisiana/2025/revised-statutes/title-49/rs-49-170-24/	§49:170.24. Louisiana Vietnam Veterans Memorial
https://law.justia.com/codes/louisiana/2025/revised-statutes/title-49/rs-49-170-25/	§49:170.25. State children's Christmas book
https://law.justia.com/codes/louisiana/2025/revised-statutes/title-49/rs-49-171/	§49:171. Poet laureate; creation
https://law.justia.com/codes/louisiana/2025/revised-statutes/title-49/rs-49-172/	§49:172. Selection
https://law.justia.com/codes/louisiana/2025/revised-statutes/title-49/rs-49-173/	§49:173. Term; duties; nomination; appointment
https://law.justia.com/codes/louisiana/2025/revised-statutes/title-49/rs-49-181/	§49:181. State examinations; interpreters for the deaf and hard of hearing
https://law.justia.com/codes/louisiana/2025/revised-statutes/title-49/rs-49-185/	§49:185. Governmental restriction of choice prohibited
https://law.justia.com/codes/louisiana/2025/revised-statutes/title-49/rs-49-190/	§49:190. Definitions
https://law.justia.com/codes/louisiana/2025/revised-statutes/title-49/rs-49-190-1/	§49:190.1. Termination dates of statutory entities
https://law.justia.com/codes/louisiana/2025/revised-statutes/title-49/rs-49-191/	§49:191. Termination of legislative authority for existence of statutory entities; phase-out period for statutory entities; table of dates
https://law.justia.com/codes/louisiana/2025/revised-statutes/title-49/rs-49-191-1/	§49:191.1. Termination of unfunded programs and Acts
https://law.justia.com/codes/louisiana/2025/revised-statutes/title-49/rs-49-192/	§49:192. Re-creation of terminated entity; compliance
https://law.justia.com/codes/louisiana/2025/revised-statutes/title-49/rs-49-193/	§49:193. Re-creation of terminated entity; procedure
https://law.justia.com/codes/louisiana/2025/revised-statutes/title-49/rs-49-193-1/	§49:193.1. Selective review and evaluation for statutory entities
https://law.justia.com/codes/louisiana/2025/revised-statutes/title-49/rs-49-194/	§49:194. Review and evaluation of statutory entities
https://law.justia.com/codes/louisiana/2025/revised-statutes/title-49/rs-49-195/	§49:195. Termination date required to create or re-create a statutory entity
https://law.justia.com/codes/louisiana/2025/revised-statutes/title-49/rs-49-196/	§49:196. Claims against or in favor of terminated entities
https://law.justia.com/codes/louisiana/2025/revised-statutes/title-49/rs-49-197/	§49:197. Legislature may legislate otherwise
https://law.justia.com/codes/louisiana/2025/revised-statutes/title-49/rs-49-198/	§49:198. Inapplicability to retirement systems
https://law.justia.com/codes/louisiana/2025/revised-statutes/title-49/rs-49-199/	§49:199. Special provisions for entities with bonds outstanding
https://law.justia.com/codes/louisiana/2025/revised-statutes/title-49/rs-49-200/	§49:200. State agency; stationery; definition
https://law.justia.com/codes/louisiana/2025/revised-statutes/title-49/rs-49-200-1/	§49:200.1. State agencies; requests
https://law.justia.com/codes/louisiana/2025/revised-statutes/title-49/rs-49-200-51/	§49:200.51. Public funding for abortion providers; prohibition
https://law.justia.com/codes/louisiana/2025/revised-statutes/title-49/rs-49-201/	§49:201. Repealed by Acts 1995, No. 846, §4, eff. Jan. 8, 1996.
https://law.justia.com/codes/louisiana/2025/revised-statutes/title-49/rs-49-201-1/	§49:201.1. Salary of acting governor
https://law.justia.com/codes/louisiana/2025/revised-statutes/title-49/rs-49-201-2/	§49:201.2. Prohibition of salary increases
https://law.justia.com/codes/louisiana/2025/revised-statutes/title-49/rs-49-202/	§49:202. Repealed by Acts 1995, No. 846, §4, eff. Jan. 8, 1996.
https://law.justia.com/codes/louisiana/2025/revised-statutes/title-49/rs-49-202-1/	§49:202.1. Lieutenant governor; expenses
https://law.justia.com/codes/louisiana/2025/revised-statutes/title-49/rs-49-203/	§49:203. Executive counsel to governor
https://law.justia.com/codes/louisiana/2025/revised-statutes/title-49/rs-49-204/	§49:204. Secretary to the governor
https://law.justia.com/codes/louisiana/2025/revised-statutes/title-49/rs-49-205/	§49:205. Repealed by Acts 2015, No. 241, §3.
https://law.justia.com/codes/louisiana/2025/revised-statutes/title-49/rs-49-206/	§49:206. Temporary absence of governor and lieutenant governor, order of those who shall act as governor
https://law.justia.com/codes/louisiana/2025/revised-statutes/title-49/rs-49-207/	§49:207. Repealed by Acts 1982, No. 747, §3
https://law.justia.com/codes/louisiana/2025/revised-statutes/title-49/rs-49-208/	§49:208. Governor's mansion; use; vacation for governor-elect
https://law.justia.com/codes/louisiana/2025/revised-statutes/title-49/rs-49-209/	§49:209. Appropriation for governor-elect; accounting
https://law.justia.com/codes/louisiana/2025/revised-statutes/title-49/rs-49-210/	§49:210. Executive staff of governor; appearance on his behalf
https://law.justia.com/codes/louisiana/2025/revised-statutes/title-49/rs-49-210-1/	§49:210.1. Repealed by Acts 2010, No. 774, §2, eff. June 30, 2010.
https://law.justia.com/codes/louisiana/2025/revised-statutes/title-49/rs-49-210-2/	§49:210.2. Office of the coordinator of faith-based programs
https://law.justia.com/codes/louisiana/2025/revised-statutes/title-49/rs-49-211/	§49:211. Commissions; formalities
https://law.justia.com/codes/louisiana/2025/revised-statutes/title-49/rs-49-212/	§49:212. Authority of governor to obtain reports and information
https://law.justia.com/codes/louisiana/2025/revised-statutes/title-49/rs-49-213/	§49:213. Authority of governor to establish office of civil rights
https://law.justia.com/codes/louisiana/2025/revised-statutes/title-49/rs-49-213-1/	§49:213.1. Repealed by Acts 2009, No. 523, §8, eff. July 10, 2009.
https://law.justia.com/codes/louisiana/2025/revised-statutes/title-49/rs-49-213-2/	§49:213.2. Repealed by Acts 2009, No. 523, §8, eff. July 10, 2009.
https://law.justia.com/codes/louisiana/2025/revised-statutes/title-49/rs-49-213-3/	§49:213.3. Repealed by Acts 2009, No. 523, §8, eff. July 10, 2009.
https://law.justia.com/codes/louisiana/2025/revised-statutes/title-49/rs-49-213-4/	§49:213.4. Repealed by Acts 2009, No. 523, §8, eff. July 10, 2009.
https://law.justia.com/codes/louisiana/2025/revised-statutes/title-49/rs-49-213-5/	§49:213.5. Repealed by Acts 2009, No. 523, §8, eff. July 10, 2009.
https://law.justia.com/codes/louisiana/2025/revised-statutes/title-49/rs-49-213-6/	§49:213.6. Repealed by Acts 2009, No. 523, §8, eff. July 10, 2009.
https://law.justia.com/codes/louisiana/2025/revised-statutes/title-49/rs-49-213-7/	§49:213.7. Repealed by Acts 2009, No. 523, §8, eff. July 10, 2009.
https://law.justia.com/codes/louisiana/2025/revised-statutes/title-49/rs-49-213-8/	§49:213.8. Repealed by Acts 2009, No. 523, §8, eff. July 10, 2009.
https://law.justia.com/codes/louisiana/2025/revised-statutes/title-49/rs-49-213-9/	§49:213.9. Repealed by Acts 2009, No. 523, §8, eff. July 10, 2009.
https://law.justia.com/codes/louisiana/2025/revised-statutes/title-49/rs-49-213-10/	§49:213.10. Repealed by Acts 2009, No. 523, §8, eff. July 10, 2009.
https://law.justia.com/codes/louisiana/2025/revised-statutes/title-49/rs-49-213-11/	§49:213.11. Repealed by Acts 2009, No. 523, §8, eff. July 10, 2009.
https://law.justia.com/codes/louisiana/2025/revised-statutes/title-49/rs-49-213-12/	§49:213.12. Repealed by Acts 2009, No. 523, §8, eff. July 10, 2009.
https://law.justia.com/codes/louisiana/2025/revised-statutes/title-49/rs-49-213-21/	§49:213.21. Repealed by Acts 1989, No. 662, §8, eff. July 7, 1989.
https://law.justia.com/codes/louisiana/2025/revised-statutes/title-49/rs-49-214-1/	§49:214.1. Purpose and intent
https://law.justia.com/codes/louisiana/2025/revised-statutes/title-49/rs-49-214-2/	§49:214.2. Definitions
https://law.justia.com/codes/louisiana/2025/revised-statutes/title-49/rs-49-214-3/	§49:214.3. Repealed by Acts 2009, No. 523, §8, eff. July 10, 2009.
https://law.justia.com/codes/louisiana/2025/revised-statutes/title-49/rs-49-214-3-1/	§49:214.3.1. Governor's Executive Assistant for Coastal Activities
https://law.justia.com/codes/louisiana/2025/revised-statutes/title-49/rs-49-214-4/	§49:214.4. Repealed by Acts 2009, No. 523, §8, eff. July 10, 2009.
https://law.justia.com/codes/louisiana/2025/revised-statutes/title-49/rs-49-214-4-1/	§49:214.4.1. Governor's Advisory Commission on Coastal Protection, Restoration and Conservation
https://law.justia.com/codes/louisiana/2025/revised-statutes/title-49/rs-49-214-4-2/	§49:214.4.2. America's WETLAND Trail
https://law.justia.com/codes/louisiana/2025/revised-statutes/title-49/rs-49-214-5/	§49:214.5. Repealed by Acts 2009, No. 523, §8, eff. July 10, 2009.
https://law.justia.com/codes/louisiana/2025/revised-statutes/title-49/rs-49-214-5-1/	§49:214.5.1. Coastal Protection and Restoration Authority Board
https://law.justia.com/codes/louisiana/2025/revised-statutes/title-49/rs-49-214-5-2/	§49:214.5.2. Functions and responsibilities; Coastal Protection and Restoration Authority Board
https://law.justia.com/codes/louisiana/2025/revised-statutes/title-49/rs-49-214-5-3/	§49:214.5.3. Coastal protection annual plans; development; priorities
https://law.justia.com/codes/louisiana/2025/revised-statutes/title-49/rs-49-214-5-4/	§49:214.5.4. Funding and resource allocation
https://law.justia.com/codes/louisiana/2025/revised-statutes/title-49/rs-49-214-5-5/	§49:214.5.5. Private property and public rights
https://law.justia.com/codes/louisiana/2025/revised-statutes/title-49/rs-49-214-5-6/	§49:214.5.6. Measure of compensation; property taken for public purposes; venue
https://law.justia.com/codes/louisiana/2025/revised-statutes/title-49/rs-49-214-5-7/	§49:214.5.7. Legal representation of the board; attorney general
https://law.justia.com/codes/louisiana/2025/revised-statutes/title-49/rs-49-214-5-8/	§49:214.5.8. Certain activities on dunes prohibited; penalties; speed limits on beaches
https://law.justia.com/codes/louisiana/2025/revised-statutes/title-49/rs-49-214-6/	§49:214.6. Repealed by Acts 2009, No. 523, §8, eff. July 10, 2009.
https://law.justia.com/codes/louisiana/2025/revised-statutes/title-49/rs-49-214-6-1/	§49:214.6.1. Coastal Protection and Restoration Authority
https://law.justia.com/codes/louisiana/2025/revised-statutes/title-49/rs-49-214-6-2/	§49:214.6.2. Functions and responsibilities; coastal activities
https://law.justia.com/codes/louisiana/2025/revised-statutes/title-49/rs-49-214-6-3/	§49:214.6.3. Functions and responsibilities; hurricane protection and flood control
https://law.justia.com/codes/louisiana/2025/revised-statutes/title-49/rs-49-214-6-4/	§49:214.6.4. Functions and responsibilities; continuation of certain flood control projects
https://law.justia.com/codes/louisiana/2025/revised-statutes/title-49/rs-49-214-6-5/	§49:214.6.5. Hurricane protection and flood control activities; levees or levee drainage purposes; taking of property; compensation
https://law.justia.com/codes/louisiana/2025/revised-statutes/title-49/rs-49-214-6-6/	§49:214.6.6. Infrastructure priority program; applications; evaluations
https://law.justia.com/codes/louisiana/2025/revised-statutes/title-49/rs-49-214-6-7/	§49:214.6.7. Barrier islands, shoreline stabilization, and preservation
https://law.justia.com/codes/louisiana/2025/revised-statutes/title-49/rs-49-214-6-8/	§49:214.6.8. Coastal Louisiana Levee Consortium; establishment; purposes
https://law.justia.com/codes/louisiana/2025/revised-statutes/title-49/rs-49-214-6-9/	§49:214.6.9. Authority for integrated coastal protection surveying
https://law.justia.com/codes/louisiana/2025/revised-statutes/title-49/rs-49-214-6-10/	§49:214.6.10. Hold harmless and cooperative landowner immunity
https://law.justia.com/codes/louisiana/2025/revised-statutes/title-49/rs-49-214-7/	§49:214.7. Outcome-based performance contracts
https://law.justia.com/codes/louisiana/2025/revised-statutes/title-49/rs-49-214-8/	§49:214.8. Repealed by Acts 2009, No. 523, §8, eff. July 10, 2009.
https://law.justia.com/codes/louisiana/2025/revised-statutes/title-49/rs-49-214-8-1/	§49:214.8.1. Purpose
https://law.justia.com/codes/louisiana/2025/revised-statutes/title-49/rs-49-214-8-2/	§49:214.8.2. Definitions
https://law.justia.com/codes/louisiana/2025/revised-statutes/title-49/rs-49-214-8-3/	§49:214.8.3. Creation of program
https://law.justia.com/codes/louisiana/2025/revised-statutes/title-49/rs-49-214-8-4/	§49:214.8.4. Powers and duties
https://law.justia.com/codes/louisiana/2025/revised-statutes/title-49/rs-49-214-8-5/	§49:214.8.5. Capital improvement program
https://law.justia.com/codes/louisiana/2025/revised-statutes/title-49/rs-49-214-8-6/	§49:214.8.6. Annual basin plan
https://law.justia.com/codes/louisiana/2025/revised-statutes/title-49/rs-49-214-8-7/	§49:214.8.7. Repealed by Acts 2023, No. 345, §4, see Act.
https://law.justia.com/codes/louisiana/2025/revised-statutes/title-49/rs-49-214-9/	§49:214.9. Repealed by Acts 2009, No. 523, §8, eff. July 10, 2009.
https://law.justia.com/codes/louisiana/2025/revised-statutes/title-49/rs-49-214-10/	§49:214.10. Repealed by Acts 2009, No. 523, §8, eff. July 10, 2009.
https://law.justia.com/codes/louisiana/2025/revised-statutes/title-49/rs-49-214-11/	§49:214.11. Repealed by Acts 2009, No. 523, §8, eff. July 10, 2009.
https://law.justia.com/codes/louisiana/2025/revised-statutes/title-49/rs-49-214-12/	§49:214.12. Repealed by Acts 2009, No. 523, §8, eff. July 10, 2009.
https://law.justia.com/codes/louisiana/2025/revised-statutes/title-49/rs-49-214-13/	§49:214.13. Repealed by Acts 2009, No. 523, §8, eff. July 10, 2009.
https://law.justia.com/codes/louisiana/2025/revised-statutes/title-49/rs-49-214-14/	§49:214.14. Repealed by Acts 2009, No. 523, §8, eff. July 10, 2009.
https://law.justia.com/codes/louisiana/2025/revised-statutes/title-49/rs-49-214-15/	§49:214.15. Repealed by Acts 2009, No. 523, §8, eff. July 10, 2009.
https://law.justia.com/codes/louisiana/2025/revised-statutes/title-49/rs-49-214-16/	§49:214.16. Repealed by Acts 2009, No. 523, §8, eff. July 10, 2009.
https://law.justia.com/codes/louisiana/2025/revised-statutes/title-49/rs-49-214-21/	§49:214.21. Short title
https://law.justia.com/codes/louisiana/2025/revised-statutes/title-49/rs-49-214-22/	§49:214.22. Declaration of public policy
https://law.justia.com/codes/louisiana/2025/revised-statutes/title-49/rs-49-214-23/	§49:214.23. Definitions
https://law.justia.com/codes/louisiana/2025/revised-statutes/title-49/rs-49-214-24/	§49:214.24. Coastal zone boundary
https://law.justia.com/codes/louisiana/2025/revised-statutes/title-49/rs-49-214-25/	§49:214.25. Types of uses
https://law.justia.com/codes/louisiana/2025/revised-statutes/title-49/rs-49-214-26/	§49:214.26. Coastal management program; administration
https://law.justia.com/codes/louisiana/2025/revised-statutes/title-49/rs-49-214-27/	§49:214.27. Coastal management programs; development; guidelines
https://law.justia.com/codes/louisiana/2025/revised-statutes/title-49/rs-49-214-28/	§49:214.28. Local coastal management programs
https://law.justia.com/codes/louisiana/2025/revised-statutes/title-49/rs-49-214-29/	§49:214.29. Special areas, projects, and programs
https://law.justia.com/codes/louisiana/2025/revised-statutes/title-49/rs-49-214-30/	§49:214.30. Coastal use permits
https://law.justia.com/codes/louisiana/2025/revised-statutes/title-49/rs-49-214-31/	§49:214.31. Existing authority of certain state departments and local governments retained
https://law.justia.com/codes/louisiana/2025/revised-statutes/title-49/rs-49-214-32/	§49:214.32. Intergovernmental coordination and consistency
https://law.justia.com/codes/louisiana/2025/revised-statutes/title-49/rs-49-214-33/	§49:214.33. Coordinated coastal permitting process
https://law.justia.com/codes/louisiana/2025/revised-statutes/title-49/rs-49-214-34/	§49:214.34. Activities not requiring a coastal use permit
https://law.justia.com/codes/louisiana/2025/revised-statutes/title-49/rs-49-214-35/	§49:214.35. Reconsiderations, judicial review
https://law.justia.com/codes/louisiana/2025/revised-statutes/title-49/rs-49-214-36/	§49:214.36. Enforcement; injunction; penalties and fines
https://law.justia.com/codes/louisiana/2025/revised-statutes/title-49/rs-49-214-37/	§49:214.37. Approval of rules, regulations, or guidelines
https://law.justia.com/codes/louisiana/2025/revised-statutes/title-49/rs-49-214-38/	§49:214.38. Effect on titles
https://law.justia.com/codes/louisiana/2025/revised-statutes/title-49/rs-49-214-39/	§49:214.39. Effective date
https://law.justia.com/codes/louisiana/2025/revised-statutes/title-49/rs-49-214-40/	§49:214.40. Coastal Resources Trust Dedicated Fund Account
https://law.justia.com/codes/louisiana/2025/revised-statutes/title-49/rs-49-214-41/	§49:214.41. Mitigation of coastal wetlands losses
https://law.justia.com/codes/louisiana/2025/revised-statutes/title-49/rs-49-214-42/	§49:214.42. Coastal Mitigation Account
https://law.justia.com/codes/louisiana/2025/revised-statutes/title-49/rs-49-214-51/	§49:214.51. Repealed by Acts 2006, No. 548, §2, Oct 31, 2006.
https://law.justia.com/codes/louisiana/2025/revised-statutes/title-49/rs-49-214-61/	§49:214.61. Coastal Protection and Restoration Authority; acquisition of property prior to judgment; definitions
https://law.justia.com/codes/louisiana/2025/revised-statutes/title-49/rs-49-214-62/	§49:214.62. Vesting of mineral rights
https://law.justia.com/codes/louisiana/2025/revised-statutes/title-49/rs-49-214-63/	§49:214.63. Contents of petition; place of filing
https://law.justia.com/codes/louisiana/2025/revised-statutes/title-49/rs-49-214-64/	§49:214.64. Prayer of the petition; ex parte order of taking
https://law.justia.com/codes/louisiana/2025/revised-statutes/title-49/rs-49-214-65/	§49:214.65. Vesting of title
https://law.justia.com/codes/louisiana/2025/revised-statutes/title-49/rs-49-214-66/	§49:214.66. Notice to defendant
https://law.justia.com/codes/louisiana/2025/revised-statutes/title-49/rs-49-214-67/	§49:214.67. Contesting validity of taking; waiver of defenses
https://law.justia.com/codes/louisiana/2025/revised-statutes/title-49/rs-49-214-68/	§49:214.68. Defendant's answer; requirements; delay for filing
https://law.justia.com/codes/louisiana/2025/revised-statutes/title-49/rs-49-214-69/	§49:214.69. Effect of appellate proceedings
https://law.justia.com/codes/louisiana/2025/revised-statutes/title-49/rs-49-214-70/	§49:214.70. Grant as additional authority
https://law.justia.com/codes/louisiana/2025/revised-statutes/title-49/rs-49-215/	§49:215. Executive orders; procedures; limitations
https://law.justia.com/codes/louisiana/2025/revised-statutes/title-49/rs-49-216/	§49:216. Interstate compact for border security; deterence of unlawful entry into this state; procedures; assistance; approval; purposes; legislative findings
https://law.justia.com/codes/louisiana/2025/revised-statutes/title-49/rs-49-219/	§49:219. Repealed by Acts 1989, No. 662, §8, eff. July 7, 1989.
https://law.justia.com/codes/louisiana/2025/revised-statutes/title-49/rs-49-219-1/	§49:219.1. Policy and purpose
https://law.justia.com/codes/louisiana/2025/revised-statutes/title-49/rs-49-219-2/	§49:219.2. Drug Policy Board; establishment; membership; selection; terms; compensation; organization; domicile; procedure
https://law.justia.com/codes/louisiana/2025/revised-statutes/title-49/rs-49-219-3/	§49:219.3. Powers, duties, and functions; staffing; funding
https://law.justia.com/codes/louisiana/2025/revised-statutes/title-49/rs-49-219-4/	§49:219.4. Assistance and cooperation of other agencies; boards; use of facilities
https://law.justia.com/codes/louisiana/2025/revised-statutes/title-49/rs-49-219-5/	§49:219.5. Advisory Council on Heroin and Opioid Prevention and Education
https://law.justia.com/codes/louisiana/2025/revised-statutes/title-49/rs-49-220-1/	§49:220.1. Repealed by Acts 2006, 1st Ex. Sess., No. 5, §4, eff. June 30, 2016; Acts 2008, No. 831, §5, changed the repeal date to July 1, 2010.
https://law.justia.com/codes/louisiana/2025/revised-statutes/title-49/rs-49-220-2/	§49:220.2. Repealed by Acts 2006, 1st Ex. Sess., No. 5, §4, eff. June 30, 2016; Acts 2008, No. 831, §5, changed the repeal date to July 1, 2010.
https://law.justia.com/codes/louisiana/2025/revised-statutes/title-49/rs-49-220-3/	§49:220.3. Repealed by Acts 2006, 1st Ex. Sess., No. 5, §4, eff. June 30, 2016; Acts 2008, No. 831, §5, changed the repeal date to July 1, 2010.
https://law.justia.com/codes/louisiana/2025/revised-statutes/title-49/rs-49-220-4/	§49:220.4. Repealed by Acts 2006, 1st Ex. Sess., No. 5, §4, eff. June 30, 2016; Acts 2008, No. 831, §5, changed the repeal date to July 1, 2010.
https://law.justia.com/codes/louisiana/2025/revised-statutes/title-49/rs-49-220-5/	§49:220.5. Repealed by Acts 2006, 1st Ex. Sess., No. 5, §4, eff. June 30, 2016; Acts 2008, No. 831, §5, changed the repeal date to July 1, 2010.
https://law.justia.com/codes/louisiana/2025/revised-statutes/title-49/rs-49-220-6/	§49:220.6. Repealed by Acts 2006, 1st Ex. Sess., No. 5, §4, eff. June 30, 2016; Acts 2008, No. 831, §5, changed the repeal date to July 1, 2010.
https://law.justia.com/codes/louisiana/2025/revised-statutes/title-49/rs-49-220-7/	§49:220.7. Repealed by Acts 2006, 1st Ex. Sess., No. 5, §4, eff. June 30, 2016; Acts 2008, No. 831, §5, changed the repeal date to July 1, 2010.
https://law.justia.com/codes/louisiana/2025/revised-statutes/title-49/rs-49-220-8/	§49:220.8. Emergency rental assistance
https://law.justia.com/codes/louisiana/2025/revised-statutes/title-49/rs-49-220-10/	§49:220.10. Claims of certain Road Home Program applicants
https://law.justia.com/codes/louisiana/2025/revised-statutes/title-49/rs-49-220-21/	§49:220.21. Office of the state inspector general; policy and purpose
https://law.justia.com/codes/louisiana/2025/revised-statutes/title-49/rs-49-220-22/	§49:220.22. Office of the state inspector general; creation; domicile; funding
https://law.justia.com/codes/louisiana/2025/revised-statutes/title-49/rs-49-220-23/	§49:220.23. State inspector general; appointment; term; vacancy; compensation; removal
https://law.justia.com/codes/louisiana/2025/revised-statutes/title-49/rs-49-220-24/	§49:220.24. Authority; duties; powers; standards; functions
https://law.justia.com/codes/louisiana/2025/revised-statutes/title-49/rs-49-220-25/	§49:220.25. Confidentiality of certain records
https://law.justia.com/codes/louisiana/2025/revised-statutes/title-49/rs-49-220-26/	§49:220.26. Reserve investigators
https://law.justia.com/codes/louisiana/2025/revised-statutes/title-49/rs-49-220-31/	§49:220.31. Purpose
https://law.justia.com/codes/louisiana/2025/revised-statutes/title-49/rs-49-220-32/	§49:220.32. Rural Water Infrastructure Committee; creation and organization
https://law.justia.com/codes/louisiana/2025/revised-statutes/title-49/rs-49-220-33/	§49:220.33. Functions; recommendations
https://law.justia.com/codes/louisiana/2025/revised-statutes/title-49/rs-49-220-41/	§49:220.41. Chief resilience officer; purpose; definition
https://law.justia.com/codes/louisiana/2025/revised-statutes/title-49/rs-49-220-42/	§49:220.42. Functions and duties
https://law.justia.com/codes/louisiana/2025/revised-statutes/title-49/rs-49-220-43/	§49:220.43. Statewide resilience report
https://law.justia.com/codes/louisiana/2025/revised-statutes/title-49/rs-49-220-44/	§49:220.44. State agency resilience officers
https://law.justia.com/codes/louisiana/2025/revised-statutes/title-49/rs-49-220-45/	§49:220.45. Interagency Resilience Coordination Team
https://law.justia.com/codes/louisiana/2025/revised-statutes/title-49/rs-49-220-46/	§49:220.46. Louisiana Resilience Task Force
https://law.justia.com/codes/louisiana/2025/revised-statutes/title-49/rs-49-220-51/	§49:220.51. Office of Louisiana Highway Construction; creation
https://law.justia.com/codes/louisiana/2025/revised-statutes/title-49/rs-49-220-52/	§49:220.52. Powers, duties, and responsibilities
https://law.justia.com/codes/louisiana/2025/revised-statutes/title-49/rs-49-220-53/	§49:220.53. Executive director; duties and responsibilities
https://law.justia.com/codes/louisiana/2025/revised-statutes/title-49/rs-49-221/	§49:221. Repealed by Acts 1995, No. 846, §4, eff. Jan. 8, 1996.
https://law.justia.com/codes/louisiana/2025/revised-statutes/title-49/rs-49-221-1/	§49:221.1. Designees; powers
https://law.justia.com/codes/louisiana/2025/revised-statutes/title-49/rs-49-222/	§49:222. Fees chargeable by secretary of state
https://law.justia.com/codes/louisiana/2025/revised-statutes/title-49/rs-49-223/	§49:223. No extra compensation for copying laws passed by legislature
https://law.justia.com/codes/louisiana/2025/revised-statutes/title-49/rs-49-224/	§49:224. Authority to administer oaths
https://law.justia.com/codes/louisiana/2025/revised-statutes/title-49/rs-49-225/	§49:225. Service upon secretary of state; fee; exception
https://law.justia.com/codes/louisiana/2025/revised-statutes/title-49/rs-49-226/	§49:226. Overpayment of fees
https://law.justia.com/codes/louisiana/2025/revised-statutes/title-49/rs-49-227/	§49:227. Office of the Uniform Commercial Code
https://law.justia.com/codes/louisiana/2025/revised-statutes/title-49/rs-49-228/	§49:228. Direct computer access to certain public records; fee
https://law.justia.com/codes/louisiana/2025/revised-statutes/title-49/rs-49-229/	§49:229. Office of GeauxBiz
https://law.justia.com/codes/louisiana/2025/revised-statutes/title-49/rs-49-229-1/	§49:229.1. Repealed by Acts 2006, No. 713, §4, eff. July 1, 2006.
https://law.justia.com/codes/louisiana/2025/revised-statutes/title-49/rs-49-251/	§49:251. Opinions
https://law.justia.com/codes/louisiana/2025/revised-statutes/title-49/rs-49-251-1/	§49:251.1. Justice of the peace training course
https://law.justia.com/codes/louisiana/2025/revised-statutes/title-49/rs-49-251-2/	§49:251.2. Authority to designate representative
https://law.justia.com/codes/louisiana/2025/revised-statutes/title-49/rs-49-251-3/	§49:251.3. Contractual attorney's fees; affidavit
https://law.justia.com/codes/louisiana/2025/revised-statutes/title-49/rs-49-251-4/	§49:251.4. Attorney General's Arrest Warrants Course for Justices of the Peace
https://law.justia.com/codes/louisiana/2025/revised-statutes/title-49/rs-49-252/	§49:252. Biennial report
https://law.justia.com/codes/louisiana/2025/revised-statutes/title-49/rs-49-253/	§49:253. Attendance at sessions of legislature
https://law.justia.com/codes/louisiana/2025/revised-statutes/title-49/rs-49-254/	§49:254. Records
https://law.justia.com/codes/louisiana/2025/revised-statutes/title-49/rs-49-255/	§49:255. Suits involving title to land of the state or its agencies; federal actions against any registrar of voters or of his assistants or employees
https://law.justia.com/codes/louisiana/2025/revised-statutes/title-49/rs-49-256/	§49:256. Attorney general
https://law.justia.com/codes/louisiana/2025/revised-statutes/title-49/rs-49-257/	§49:257. Legal representation of certain state agencies
https://law.justia.com/codes/louisiana/2025/revised-statutes/title-49/rs-49-258/	§49:258. Procurement of private contractual legal services for state agencies
https://law.justia.com/codes/louisiana/2025/revised-statutes/title-49/rs-49-259/	§49:259. Department of Justice Legal Support Fund
https://law.justia.com/codes/louisiana/2025/revised-statutes/title-49/rs-49-260/	§49:260. Department of Justice Occupational Licensing Review Program
https://law.justia.com/codes/louisiana/2025/revised-statutes/title-49/rs-49-261/	§49:261. Department of Justice Fugitive Apprehension Unit
https://law.justia.com/codes/louisiana/2025/revised-statutes/title-49/rs-49-301/	§49:301. Commission and oath
https://law.justia.com/codes/louisiana/2025/revised-statutes/title-49/rs-49-302/	§49:302. Repealed by Acts 1995, No. 846, §4, eff. Jan. 8, 1996.
https://law.justia.com/codes/louisiana/2025/revised-statutes/title-49/rs-49-303/	§49:303. Seal
https://law.justia.com/codes/louisiana/2025/revised-statutes/title-49/rs-49-304/	§49:304. Residence
https://law.justia.com/codes/louisiana/2025/revised-statutes/title-49/rs-49-305/	§49:305. Bond
https://law.justia.com/codes/louisiana/2025/revised-statutes/title-49/rs-49-306/	§49:306. Authority to administer oaths
https://law.justia.com/codes/louisiana/2025/revised-statutes/title-49/rs-49-307/	§49:307. Duties in general
https://law.justia.com/codes/louisiana/2025/revised-statutes/title-49/rs-49-307-1/	§49:307.1. Attendance at meetings; representation
https://law.justia.com/codes/louisiana/2025/revised-statutes/title-49/rs-49-308/	§49:308. State funds; deposit in state treasury; exceptions; lock box services; reports
https://law.justia.com/codes/louisiana/2025/revised-statutes/title-49/rs-49-308-1/	§49:308.1. Comprehensive Capital Outlay Budget Acts Interest Earnings Account
https://law.justia.com/codes/louisiana/2025/revised-statutes/title-49/rs-49-308-2/	§49:308.2. Repealed by Acts 1994, 3rd Ex. Sess., No. 37, §1.
https://law.justia.com/codes/louisiana/2025/revised-statutes/title-49/rs-49-308-3/	§49:308.3. Special funds; accounts; dedication of money
https://law.justia.com/codes/louisiana/2025/revised-statutes/title-49/rs-49-308-4/	§49:308.4. Use of funds on deposit; repayment to special funds
https://law.justia.com/codes/louisiana/2025/revised-statutes/title-49/rs-49-308-5/	§49:308.5. Legislative review and recommendation on special funds and dedication of money
https://law.justia.com/codes/louisiana/2025/revised-statutes/title-49/rs-49-308-6/	§49:308.6. State government fees for services and activities; cost recovery
https://law.justia.com/codes/louisiana/2025/revised-statutes/title-49/rs-49-309/	§49:309. Endorsement of warrants
https://law.justia.com/codes/louisiana/2025/revised-statutes/title-49/rs-49-310/	§49:310. Payments
https://law.justia.com/codes/louisiana/2025/revised-statutes/title-49/rs-49-311/	§49:311. Access to books of other state offices
https://law.justia.com/codes/louisiana/2025/revised-statutes/title-49/rs-49-312/	§49:312. Assistant treasurer; duties, oath and bond
https://law.justia.com/codes/louisiana/2025/revised-statutes/title-49/rs-49-313/	§49:313. Assistant treasurer; salary
https://law.justia.com/codes/louisiana/2025/revised-statutes/title-49/rs-49-314/	§49:314. Withdrawals
https://law.justia.com/codes/louisiana/2025/revised-statutes/title-49/rs-49-315/	§49:315. Operating bank accounts
https://law.justia.com/codes/louisiana/2025/revised-statutes/title-49/rs-49-316/	§49:316. Bank charges
https://law.justia.com/codes/louisiana/2025/revised-statutes/title-49/rs-49-316-1/	§49:316.1. Payments by treasury approved credit cards, debit cards, and other forms of electronic payments; authorizations; contracts; fees
https://law.justia.com/codes/louisiana/2025/revised-statutes/title-49/rs-49-316-2/	§49:316.2. Payments for electronic signatures; authorizations; fees
https://law.justia.com/codes/louisiana/2025/revised-statutes/title-49/rs-49-317/	§49:317. Designation of state depositories
https://law.justia.com/codes/louisiana/2025/revised-statutes/title-49/rs-49-318/	§49:318. Warrants to be issued for unexpended balances or receipts
https://law.justia.com/codes/louisiana/2025/revised-statutes/title-49/rs-49-319/	§49:319. State depositories; definitions
https://law.justia.com/codes/louisiana/2025/revised-statutes/title-49/rs-49-320/	§49:320. Fiscal agent banks for deposit of funds to be selected by Interim Emergency Board
https://law.justia.com/codes/louisiana/2025/revised-statutes/title-49/rs-49-320-1/	§49:320.1. Notification upon opening banking accounts
https://law.justia.com/codes/louisiana/2025/revised-statutes/title-49/rs-49-320-2/	§49:320.2. Classification of revenues; escrow funds; reports of escrow funds and agency accounts
https://law.justia.com/codes/louisiana/2025/revised-statutes/title-49/rs-49-321/	§49:321. Security for deposit of funds; checks and drafts of departments
https://law.justia.com/codes/louisiana/2025/revised-statutes/title-49/rs-49-321-1/	§49:321.1. Treasury securities lending
https://law.justia.com/codes/louisiana/2025/revised-statutes/title-49/rs-49-322/	§49:322. Possession or control of securities pledged and securities acquired through repurchase agreements
https://law.justia.com/codes/louisiana/2025/revised-statutes/title-49/rs-49-323/	§49:323. State depositing authorities not responsible for funds deposited
https://law.justia.com/codes/louisiana/2025/revised-statutes/title-49/rs-49-324/	§49:324. Approval of vouchers; political subdivisions
https://law.justia.com/codes/louisiana/2025/revised-statutes/title-49/rs-49-325/	§49:325. State treasurer may invest in certain federal bonds
https://law.justia.com/codes/louisiana/2025/revised-statutes/title-49/rs-49-325-1/	§49:325.1. State treasurer may invest in or purchase certain local bonds or certificates of indebtedness
https://law.justia.com/codes/louisiana/2025/revised-statutes/title-49/rs-49-326/	§49:326. Federal bonds and debentures as security for public funds; investments of funds
https://law.justia.com/codes/louisiana/2025/revised-statutes/title-49/rs-49-326-1/	§49:326.1. Small Business Administration secured loans as security for public funds; investments of funds
https://law.justia.com/codes/louisiana/2025/revised-statutes/title-49/rs-49-327/	§49:327. Authorized investments; maturity; interest rates
https://law.justia.com/codes/louisiana/2025/revised-statutes/title-49/rs-49-327-1/	§49:327.1. Linked deposit program for low-interest agricultural production loans
https://law.justia.com/codes/louisiana/2025/revised-statutes/title-49/rs-49-327-2/	§49:327.2. Linked deposit program for low-interest agricultural product processing loans
https://law.justia.com/codes/louisiana/2025/revised-statutes/title-49/rs-49-328/	§49:328. Repealed by Acts 1992, No. 984, §18.
https://law.justia.com/codes/louisiana/2025/revised-statutes/title-49/rs-49-329/	§49:329. Nominee name for the Louisiana Education Quality Trust Fund, also known as the Kevin P. Reilly, Sr. Louisiana Education Quality Trust Fund
https://law.justia.com/codes/louisiana/2025/revised-statutes/title-49/rs-49-330/	§49:330. Mineral Income Advisory Committee; mineral revenue contracts by state treasurer
https://law.justia.com/codes/louisiana/2025/revised-statutes/title-49/rs-49-331/	§49:331. Couriers of public funds; fidelity bond
https://law.justia.com/codes/louisiana/2025/revised-statutes/title-49/rs-49-341/	§49:341. Findings and determinations
https://law.justia.com/codes/louisiana/2025/revised-statutes/title-49/rs-49-342/	§49:342. Definitions
https://law.justia.com/codes/louisiana/2025/revised-statutes/title-49/rs-49-343/	§49:343. Grant of authority
https://law.justia.com/codes/louisiana/2025/revised-statutes/title-49/rs-49-351/	§49:351. §§351 to 376 Repealed by Acts 1976, No. 649, §2
https://law.justia.com/codes/louisiana/2025/revised-statutes/title-49/rs-49-421/	§49:421. §§421 to 430 Repealed by Acts 1975, No. 744, §4
https://law.justia.com/codes/louisiana/2025/revised-statutes/title-49/rs-49-461/	§49:461. Suits against ministerial officers or in which state is interested, including Federal Power Commission
https://law.justia.com/codes/louisiana/2025/revised-statutes/title-49/rs-49-462/	§49:462. Dismissal of improper suits
https://law.justia.com/codes/louisiana/2025/revised-statutes/title-49/rs-49-463/	§49:463. Amenability of ministerial officers
https://law.justia.com/codes/louisiana/2025/revised-statutes/title-49/rs-49-464/	§49:464. Attorney for state board or institution
https://law.justia.com/codes/louisiana/2025/revised-statutes/title-49/rs-49-465/	§49:465. Members of Public Service Commission and Louisiana Tax Commission
https://law.justia.com/codes/louisiana/2025/revised-statutes/title-49/rs-49-651/	§49:651. Creation of department, powers, and duties of collector
https://law.justia.com/codes/louisiana/2025/revised-statutes/title-49/rs-49-652/	§49:652. Appointment of collector; term; compensation
https://law.justia.com/codes/louisiana/2025/revised-statutes/title-49/rs-49-653/	§49:653. Charitable gaming regulation
https://law.justia.com/codes/louisiana/2025/revised-statutes/title-49/rs-49-654/	§49:654. Access to criminal history records
https://law.justia.com/codes/louisiana/2025/revised-statutes/title-49/rs-49-661/	§49:661. Short title
https://law.justia.com/codes/louisiana/2025/revised-statutes/title-49/rs-49-662/	§49:662. Definitions
https://law.justia.com/codes/louisiana/2025/revised-statutes/title-49/rs-49-663/	§49:663. Report of plans for participation in federal assistance programs; review and comments; records of application submitted to the division of administration; review, comment, and analysis by the federal review section of the division of administration; general information, documents; prohibition
https://law.justia.com/codes/louisiana/2025/revised-statutes/title-49/rs-49-663-1/	§49:663.1. Community Development Block Grant
https://law.justia.com/codes/louisiana/2025/revised-statutes/title-49/rs-49-663-2/	§49:663.2. Local government assistance
https://law.justia.com/codes/louisiana/2025/revised-statutes/title-49/rs-49-664/	§49:664. Reports of action by federal agency; records
https://law.justia.com/codes/louisiana/2025/revised-statutes/title-49/rs-49-665/	§49:665. Federal review section of the division of administration; creation; assistant commissioner; functions
https://law.justia.com/codes/louisiana/2025/revised-statutes/title-49/rs-49-666/	§49:666. Repealed by Acts 1981, No. 674, §2
https://law.justia.com/codes/louisiana/2025/revised-statutes/title-49/rs-49-667/	§49:667. Repealed by Acts 2012, No. 251, §10.
https://law.justia.com/codes/louisiana/2025/revised-statutes/title-49/rs-49-668/	§49:668. Repealed by Acts 1978, No. 724, §1, eff. Oct. 1, 1978
https://law.justia.com/codes/louisiana/2025/revised-statutes/title-49/rs-49-671/	§49:671. Purpose
https://law.justia.com/codes/louisiana/2025/revised-statutes/title-49/rs-49-672/	§49:672. Definition
https://law.justia.com/codes/louisiana/2025/revised-statutes/title-49/rs-49-673/	§49:673. Discrimination prohibited
https://law.justia.com/codes/louisiana/2025/revised-statutes/title-49/rs-49-674/	§49:674. Monitoring to ensure compliance
https://law.justia.com/codes/louisiana/2025/revised-statutes/title-49/rs-49-701/	§49:701. §§701 to 715 Repealed by Acts 1972, No. 687, §1
https://law.justia.com/codes/louisiana/2025/revised-statutes/title-49/rs-49-801/	§49:801. §§801 to 810 Repealed by Acts 1987, No. 751, §1.
https://law.justia.com/codes/louisiana/2025/revised-statutes/title-49/rs-49-851/	§49:851. Short title
https://law.justia.com/codes/louisiana/2025/revised-statutes/title-49/rs-49-852/	§49:852. Statement of policy
https://law.justia.com/codes/louisiana/2025/revised-statutes/title-49/rs-49-853/	§49:853. Definitions
https://law.justia.com/codes/louisiana/2025/revised-statutes/title-49/rs-49-854/	§49:854. Emergency interim successors for state officers
https://law.justia.com/codes/louisiana/2025/revised-statutes/title-49/rs-49-855/	§49:855. Formalities of taking office
https://law.justia.com/codes/louisiana/2025/revised-statutes/title-49/rs-49-856/	§49:856. Period in which authority may be exercised
https://law.justia.com/codes/louisiana/2025/revised-statutes/title-49/rs-49-857/	§49:857. Removal of designees
https://law.justia.com/codes/louisiana/2025/revised-statutes/title-49/rs-49-858/	§49:858. Disputes
https://law.justia.com/codes/louisiana/2025/revised-statutes/title-49/rs-49-901/	§49:901. Statement of policy
https://law.justia.com/codes/louisiana/2025/revised-statutes/title-49/rs-49-902/	§49:902. Definitions
https://law.justia.com/codes/louisiana/2025/revised-statutes/title-49/rs-49-903/	§49:903. Authority of the governor to require information; annual review
https://law.justia.com/codes/louisiana/2025/revised-statutes/title-49/rs-49-950/	§49:950. Title and form of citation
https://law.justia.com/codes/louisiana/2025/revised-statutes/title-49/rs-49-951/	§49:951. Definitions
https://law.justia.com/codes/louisiana/2025/revised-statutes/title-49/rs-49-952/	§49:952. Construction and effect; judicial cognizance
https://law.justia.com/codes/louisiana/2025/revised-statutes/title-49/rs-49-953/	§49:953. Louisiana Administrative Code and Louisiana Register; publication; distribution; copies; index; interagency rules
https://law.justia.com/codes/louisiana/2025/revised-statutes/title-49/rs-49-953-1/	§49:953.1. Redesignated as R.S. 49:962 by Acts 2022, No. 663, §1.
https://law.justia.com/codes/louisiana/2025/revised-statutes/title-49/rs-49-954/	§49:954. Exemptions from provisions of Chapter
https://law.justia.com/codes/louisiana/2025/revised-statutes/title-49/rs-49-954-1/	§49:954.1. Redesignated as R.S. 49:953 by Acts 2022, No. 663, §1.
https://law.justia.com/codes/louisiana/2025/revised-statutes/title-49/rs-49-954-2/	§49:954.2. Repealed by Acts 2004, No. 220, §1.
https://law.justia.com/codes/louisiana/2025/revised-statutes/title-49/rs-49-954-3/	§49:954.3. Redesignated as R.S. 49:963.1 by Acts 2022, No. 663, §1.
https://law.justia.com/codes/louisiana/2025/revised-statutes/title-49/rs-49-955/	§49:955. Application of Chapter to rules and fees
https://law.justia.com/codes/louisiana/2025/revised-statutes/title-49/rs-49-956/	§49:956. Public information; adoption of rules; availability of rules and orders
https://law.justia.com/codes/louisiana/2025/revised-statutes/title-49/rs-49-956-1/	§49:956.1. Redesignated as R.S. 49:975.2 by Acts 2022, No. 663, §1.
https://law.justia.com/codes/louisiana/2025/revised-statutes/title-49/rs-49-957/	§49:957. Internet publication of certain information concerning proposed rules and fees; information required to be published; manner of publication; deadlines
https://law.justia.com/codes/louisiana/2025/revised-statutes/title-49/rs-49-958/	§49:958. Redesignated as R.S. 49:977 by Acts 2022, No. 663, §1.
https://law.justia.com/codes/louisiana/2025/revised-statutes/title-49/rs-49-959/	§49:959. Redesignated as R.S. 49:977.1 by Acts 2022, No. 663, §1.
https://law.justia.com/codes/louisiana/2025/revised-statutes/title-49/rs-49-960/	§49:960. Redesignated as R.S. 49:977.2 by Acts 2022, No. 663, §1.
https://law.justia.com/codes/louisiana/2025/revised-statutes/title-49/rs-49-961/	§49:961. Procedure for adoption of rules
https://law.justia.com/codes/louisiana/2025/revised-statutes/title-49/rs-49-962/	§49:962. Emergency rulemaking
https://law.justia.com/codes/louisiana/2025/revised-statutes/title-49/rs-49-962-1/	§49:962.1. Redesignated as R.S. 49:978 by Acts 2022, No. 663, §1.
https://law.justia.com/codes/louisiana/2025/revised-statutes/title-49/rs-49-963/	§49:963. Department of Environmental Quality; procedure for adoption of rules
https://law.justia.com/codes/louisiana/2025/revised-statutes/title-49/rs-49-963-1/	§49:963.1. Environmental Regulatory Code
https://law.justia.com/codes/louisiana/2025/revised-statutes/title-49/rs-49-964/	§49:964. Public request for the adoption, amendment, or repeal of a rule; agency rule review
https://law.justia.com/codes/louisiana/2025/revised-statutes/title-49/rs-49-964-1/	§49:964.1. Redesignated as R.S. 49:978.2 by Acts 2022, No. 663, §1.
https://law.justia.com/codes/louisiana/2025/revised-statutes/title-49/rs-49-965/	§49:965. Filing; taking effect of rules
https://law.justia.com/codes/louisiana/2025/revised-statutes/title-49/rs-49-965-1/	§49:965.1. Redesignated as R.S. 49:980 by Acts 2022, No. 663, §1.
https://law.justia.com/codes/louisiana/2025/revised-statutes/title-49/rs-49-965-2/	§49:965.2. Redesignated as R.S. 49:978.1 pursuant to Acts 2019, No. 204, §2(A), eff. Feb. 1, 2020.
https://law.justia.com/codes/louisiana/2025/revised-statutes/title-49/rs-49-965-3/	§49:965.3. Redesignated as R.S. 49:978.2 pursuant to Acts 2019, No. 204, §2(A), eff. Feb. 1, 2020.
https://law.justia.com/codes/louisiana/2025/revised-statutes/title-49/rs-49-965-4/	§49:965.4. Redesignated as R.S. 49:978.3 pursuant to Acts 2019, No. 204, §2(A), eff. Feb. 1, 2020.
https://law.justia.com/codes/louisiana/2025/revised-statutes/title-49/rs-49-965-5/	§49:965.5. Redesignated as R.S. 49:978.4 pursuant to Acts 2019, No. 204, §2(A), eff. Feb. 1, 2020.
https://law.justia.com/codes/louisiana/2025/revised-statutes/title-49/rs-49-965-6/	§49:965.6. Redesignated as R.S. 49:978.5 pursuant to Acts 2019, No. 204, §2(A), eff. Feb. 1, 2020.
https://law.justia.com/codes/louisiana/2025/revised-statutes/title-49/rs-49-965-7/	§49:965.7. Redesignated as R.S. 49:978.6 pursuant to Acts 2019, No. 204, §2(A), eff. Feb. 1, 2020.
https://law.justia.com/codes/louisiana/2025/revised-statutes/title-49/rs-49-965-8/	§49:965.8. Redesignated as R.S. 49:978.7 pursuant to Acts 2019, No. 204, §2(A), eff. Feb. 1, 2020.
https://law.justia.com/codes/louisiana/2025/revised-statutes/title-49/rs-49-966/	§49:966. Review of agency rules; fees
https://law.justia.com/codes/louisiana/2025/revised-statutes/title-49/rs-49-967/	§49:967. Review of rules relative to state content standards; elementary and secondary education
https://law.justia.com/codes/louisiana/2025/revised-statutes/title-49/rs-49-967-1/	§49:967.1. Redesignated as R.S. 49:955 by Acts 2022, No. 663, §1.
https://law.justia.com/codes/louisiana/2025/revised-statutes/title-49/rs-49-968/	§49:968. Judicial review of validity or applicability of rules
https://law.justia.com/codes/louisiana/2025/revised-statutes/title-49/rs-49-968-1/	§49:968.1. Redesignated as R.S. 49:967 by Acts 2022, No. 663, §1.
https://law.justia.com/codes/louisiana/2025/revised-statutes/title-49/rs-49-969/	§49:969. Legislative veto, amendment, or suspension of rules, regulations, and fees
https://law.justia.com/codes/louisiana/2025/revised-statutes/title-49/rs-49-970/	§49:970. Gubernatorial suspension or veto of rules and regulations
https://law.justia.com/codes/louisiana/2025/revised-statutes/title-49/rs-49-971/	§49:971. Rejection of agency fee adoption, increases, or decreases; prohibition against fee increases and new fees; exceptions
https://law.justia.com/codes/louisiana/2025/revised-statutes/title-49/rs-49-972/	§49:972. Family impact statement; issues to be considered; procedure; penalty
https://law.justia.com/codes/louisiana/2025/revised-statutes/title-49/rs-49-973/	§49:973. Poverty impact statement; issues to be considered; procedure
https://law.justia.com/codes/louisiana/2025/revised-statutes/title-49/rs-49-974/	§49:974. Redesignated as R.S. 49:957 by Acts 2022, No. 663, §1.
https://law.justia.com/codes/louisiana/2025/revised-statutes/title-49/rs-49-974-1/	§49:974.1. Short title
https://law.justia.com/codes/louisiana/2025/revised-statutes/title-49/rs-49-974-2/	§49:974.2. Intent; legislative findings
https://law.justia.com/codes/louisiana/2025/revised-statutes/title-49/rs-49-974-3/	§49:974.3. Definitions
https://law.justia.com/codes/louisiana/2025/revised-statutes/title-49/rs-49-974-4/	§49:974.4. Small business economic impact statements; potpourri notices
https://law.justia.com/codes/louisiana/2025/revised-statutes/title-49/rs-49-974-5/	§49:974.5. Regulatory flexibility analysis
https://law.justia.com/codes/louisiana/2025/revised-statutes/title-49/rs-49-974-6/	§49:974.6. Conflicts of law
https://law.justia.com/codes/louisiana/2025/revised-statutes/title-49/rs-49-974-7/	§49:974.7. Notification
https://law.justia.com/codes/louisiana/2025/revised-statutes/title-49/rs-49-974-8/	§49:974.8. Small business advocate; posting of rules
https://law.justia.com/codes/louisiana/2025/revised-statutes/title-49/rs-49-975/	§49:975. Adjudication; notice; hearing; records
https://law.justia.com/codes/louisiana/2025/revised-statutes/title-49/rs-49-975-1/	§49:975.1. Rules of evidence; official notice; oaths and affirmations; subpoenas; depositions and discovery; confidential privileged information
https://law.justia.com/codes/louisiana/2025/revised-statutes/title-49/rs-49-975-2/	§49:975.2. Administrative proceedings; member of the legislature or personnel as witness
https://law.justia.com/codes/louisiana/2025/revised-statutes/title-49/rs-49-976/	§49:976. Examination of evidence by agency
https://law.justia.com/codes/louisiana/2025/revised-statutes/title-49/rs-49-977/	§49:977. Decisions and orders
https://law.justia.com/codes/louisiana/2025/revised-statutes/title-49/rs-49-977-1/	§49:977.1. Rehearings
https://law.justia.com/codes/louisiana/2025/revised-statutes/title-49/rs-49-977-2/	§49:977.2. Ex parte consultations and recusations
https://law.justia.com/codes/louisiana/2025/revised-statutes/title-49/rs-49-977-3/	§49:977.3. Licenses
https://law.justia.com/codes/louisiana/2025/revised-statutes/title-49/rs-49-977-4/	§49:977.4. Declaratory orders and rulings
https://law.justia.com/codes/louisiana/2025/revised-statutes/title-49/rs-49-978/	§49:978. Judicial review; rule to show cause for permit applicants
https://law.justia.com/codes/louisiana/2025/revised-statutes/title-49/rs-49-978-1/	§49:978.1. Judicial review of adjudication
https://law.justia.com/codes/louisiana/2025/revised-statutes/title-49/rs-49-978-2/	§49:978.2. Judicial review; attorney fees; court costs; report
https://law.justia.com/codes/louisiana/2025/revised-statutes/title-49/rs-49-978-3/	§49:978.3. Redesignated as R.S. 49:974.3 by Acts 2022, No. 663, §1.
https://law.justia.com/codes/louisiana/2025/revised-statutes/title-49/rs-49-978-4/	§49:978.4. Redesignated as R.S. 49:974.4 by Acts 2022, No. 663, §1.
https://law.justia.com/codes/louisiana/2025/revised-statutes/title-49/rs-49-978-5/	§49:978.5. Redesignated as R.S. 49:974.5 by Acts 2022, No. 663, §1.
https://law.justia.com/codes/louisiana/2025/revised-statutes/title-49/rs-49-978-6/	§49:978.6. Redesignated as R.S. 49:974.6 by Acts 2022, No. 663, §1.
https://law.justia.com/codes/louisiana/2025/revised-statutes/title-49/rs-49-978-7/	§49:978.7. Redesignated as R.S. 49:974.7 by Acts 2022, No. 663, §1.
https://law.justia.com/codes/louisiana/2025/revised-statutes/title-49/rs-49-978-8/	§49:978.8. Redesignated as R.S. 49:974.8 by Acts 2022, No. 663, §1.
https://law.justia.com/codes/louisiana/2025/revised-statutes/title-49/rs-49-979/	§49:979. Appeals
https://law.justia.com/codes/louisiana/2025/revised-statutes/title-49/rs-49-980/	§49:980. Expenses of administrative proceedings; right to recover
https://law.justia.com/codes/louisiana/2025/revised-statutes/title-49/rs-49-980-1/	§49:980.1. Board action rescission and expungement of adjudication records; procedure; confidentiality
https://law.justia.com/codes/louisiana/2025/revised-statutes/title-49/rs-49-981/	§49:981. Continuous revision under supervision of division of administration, Office of the State Register
https://law.justia.com/codes/louisiana/2025/revised-statutes/title-49/rs-49-982/	§49:982. New regulation; incorporation in Louisiana Register and Louisiana Administrative Code; resolution of conflicting rules
https://law.justia.com/codes/louisiana/2025/revised-statutes/title-49/rs-49-983/	§49:983. Incorporation of current rules and regulations procedure
https://law.justia.com/codes/louisiana/2025/revised-statutes/title-49/rs-49-984/	§49:984. Alphabetical or numerical sequence of laws
https://law.justia.com/codes/louisiana/2025/revised-statutes/title-49/rs-49-985/	§49:985. Submitting copy to the proper party
https://law.justia.com/codes/louisiana/2025/revised-statutes/title-49/rs-49-986/	§49:986. Filing of copy with commissioner of administration; certificate of correctness; printing
https://law.justia.com/codes/louisiana/2025/revised-statutes/title-49/rs-49-987/	§49:987. Printing and publication of Louisiana Register; proof of certified edition
https://law.justia.com/codes/louisiana/2025/revised-statutes/title-49/rs-49-991/	§49:991. Creation of division of administrative law
https://law.justia.com/codes/louisiana/2025/revised-statutes/title-49/rs-49-992/	§49:992. Applicability; exemptions; attorney fees; court costs
https://law.justia.com/codes/louisiana/2025/revised-statutes/title-49/rs-49-992-1/	§49:992.1. Applicability; ethics complaints
https://law.justia.com/codes/louisiana/2025/revised-statutes/title-49/rs-49-992-2/	§49:992.2. Repealed by Acts 2021, No. 4, §3, eff. Jan. 1, 2022.
https://law.justia.com/codes/louisiana/2025/revised-statutes/title-49/rs-49-993/	§49:993. Definitions; rules
https://law.justia.com/codes/louisiana/2025/revised-statutes/title-49/rs-49-994/	§49:994. Administrative law judges
https://law.justia.com/codes/louisiana/2025/revised-statutes/title-49/rs-49-995/	§49:995. Director
https://law.justia.com/codes/louisiana/2025/revised-statutes/title-49/rs-49-996/	§49:996. Duties of the director
https://law.justia.com/codes/louisiana/2025/revised-statutes/title-49/rs-49-997/	§49:997. Program of judicial evaluation
https://law.justia.com/codes/louisiana/2025/revised-statutes/title-49/rs-49-998/	§49:998. Prehearing conference
https://law.justia.com/codes/louisiana/2025/revised-statutes/title-49/rs-49-999/	§49:999. Disqualification and withdrawal of administrative law judge
https://law.justia.com/codes/louisiana/2025/revised-statutes/title-49/rs-49-999-1/	§49:999.1. Contract for adjudication services; other governmental entities
https://law.justia.com/codes/louisiana/2025/revised-statutes/title-49/rs-49-999-21/	§49:999.21. Suspension and ultimate revocation of license or permit; felony conviction
https://law.justia.com/codes/louisiana/2025/revised-statutes/title-49/rs-49-999-22/	§49:999.22. Enforcing authority; initiation of action
https://law.justia.com/codes/louisiana/2025/revised-statutes/title-49/rs-49-999-23/	§49:999.23. Hearing before the issuing agency
https://law.justia.com/codes/louisiana/2025/revised-statutes/title-49/rs-49-999-24/	§49:999.24. Revocation
https://law.justia.com/codes/louisiana/2025/revised-statutes/title-49/rs-49-999-25/	§49:999.25. Additional ground or cause
https://law.justia.com/codes/louisiana/2025/revised-statutes/title-49/rs-49-1001/	§49:1001. Definitions
https://law.justia.com/codes/louisiana/2025/revised-statutes/title-49/rs-49-1002/	§49:1002. Applicability
https://law.justia.com/codes/louisiana/2025/revised-statutes/title-49/rs-49-1005/	§49:1005. Use of certified laboratories for drug testing of samples collected
https://law.justia.com/codes/louisiana/2025/revised-statutes/title-49/rs-49-1006/	§49:1006. Repealed by Acts 2004, No. 901, §2, eff. July 12, 2004.
https://law.justia.com/codes/louisiana/2025/revised-statutes/title-49/rs-49-1007/	§49:1007. Repealed by Acts 2004, No. 901, §2, eff. July 12, 2004.
https://law.justia.com/codes/louisiana/2025/revised-statutes/title-49/rs-49-1008/	§49:1008. Repealed by Acts 2004, No. 901, §2, eff. July 12, 2004.
https://law.justia.com/codes/louisiana/2025/revised-statutes/title-49/rs-49-1011/	§49:1011. Employee drug testing; rights of the employee
https://law.justia.com/codes/louisiana/2025/revised-statutes/title-49/rs-49-1012/	§49:1012. Employee drug testing; responsibility of employer
https://law.justia.com/codes/louisiana/2025/revised-statutes/title-49/rs-49-1015/	§49:1015. Public employee drug testing
https://law.justia.com/codes/louisiana/2025/revised-statutes/title-49/rs-49-1016/	§49:1016. Employment discrimination; physician recommended marijuana
https://law.justia.com/codes/louisiana/2025/revised-statutes/title-49/rs-49-1021/	§49:1021. Random drug tests; commissioner of administration
https://law.justia.com/codes/louisiana/2025/revised-statutes/title-49/rs-49-1051/	§49:1051. Statement of purpose
https://law.justia.com/codes/louisiana/2025/revised-statutes/title-49/rs-49-1052/	§49:1052. Definitions
https://law.justia.com/codes/louisiana/2025/revised-statutes/title-49/rs-49-1053/	§49:1053. Louisiana Geographic Information Systems Council; creation; membership; quorum; domicile
https://law.justia.com/codes/louisiana/2025/revised-statutes/title-49/rs-49-1054/	§49:1054. Duties of the Louisiana Geographic Information Systems Council
https://law.justia.com/codes/louisiana/2025/revised-statutes/title-49/rs-49-1054-1/	§49:1054.1. Duties of the Louisiana Geographic Information Center
https://law.justia.com/codes/louisiana/2025/revised-statutes/title-49/rs-49-1055/	§49:1055. Staff of the council; cooperation by departments and local units of government
https://law.justia.com/codes/louisiana/2025/revised-statutes/title-49/rs-49-1056/	§49:1056. Reports
https://law.justia.com/codes/louisiana/2025/revised-statutes/title-49/rs-49-1057/	§49:1057. Receipt of donations and grants
https://law.justia.com/codes/louisiana/2025/revised-statutes/title-49/rs-49-1061/	§49:1061. Data sharing review
https://law.justia.com/codes/louisiana/2025/revised-statutes/title-49/rs-49-1101/	§49:1101. Naming state statutory entities, agencies, departments, offices, or budget units
https://law.justia.com/codes/louisiana/2025/revised-statutes/title-49/rs-49-1102/	§49:1102. §§1102, 1103 Repealed by Acts 1983, No. 687, §7.
https://law.justia.com/codes/louisiana/2025/revised-statutes/title-49/rs-49-1111/	§49:1111. Legislative findings
https://law.justia.com/codes/louisiana/2025/revised-statutes/title-49/rs-49-1112/	§49:1112. Commission established; purposes; membership; officers
https://law.justia.com/codes/louisiana/2025/revised-statutes/title-49/rs-49-1113/	§49:1113. Commission committees
https://law.justia.com/codes/louisiana/2025/revised-statutes/title-49/rs-49-1114/	§49:1114. Commission meetings; attendance; quorum
https://law.justia.com/codes/louisiana/2025/revised-statutes/title-49/rs-49-1115/	§49:1115. Commission duties and responsibilities
https://law.justia.com/codes/louisiana/2025/revised-statutes/title-49/rs-49-1116/	§49:1116. Commission staff
https://law.justia.com/codes/louisiana/2025/revised-statutes/title-49/rs-49-1117/	§49:1117. Contractual agreements
https://law.justia.com/codes/louisiana/2025/revised-statutes/title-49/rs-49-1118/	§49:1118. Agency cooperation
https://law.justia.com/codes/louisiana/2025/revised-statutes/title-49/rs-49-1119/	§49:1119. Funding sources
https://law.justia.com/codes/louisiana/2025/revised-statutes/title-49/rs-49-1120/	§49:1120. State laws applicable
https://law.justia.com/codes/louisiana/2025/revised-statutes/title-49/rs-49-1121/	§49:1121. Repealed by Acts 2012, No. 553, §4.
https://law.justia.com/codes/louisiana/2025/revised-statutes/title-49/rs-49-1122/	§49:1122. Termination of the commission
https://law.justia.com/codes/louisiana/2025/revised-statutes/title-49/rs-49-1131/	§49:1131. Litter abatement, reduction, and control
https://law.justia.com/codes/louisiana/2025/revised-statutes/title-49/rs-49-1132/	§49:1132. Definitions
https://law.justia.com/codes/louisiana/2025/revised-statutes/title-49/rs-49-1133/	§49:1133. Litter control awareness
https://law.justia.com/codes/louisiana/2025/revised-statutes/title-49/rs-49-1134/	§49:1134. Donations and grants; Louisiana Litter Abatement Grant Program
https://law.justia.com/codes/louisiana/2025/revised-statutes/title-49/rs-49-1135/	§49:1135. Removal of litter; responsibility
https://law.justia.com/codes/louisiana/2025/revised-statutes/title-49/rs-49-1136/	§49:1136. Anti-litter campaign; industrial and civic cooperation requested
https://law.justia.com/codes/louisiana/2025/revised-statutes/title-49/rs-49-1137/	§49:1137. Adopt-a-beach program
https://law.justia.com/codes/louisiana/2025/revised-statutes/title-49/rs-49-1138/	§49:1138. Community improvement program
https://law.justia.com/codes/louisiana/2025/revised-statutes/title-49/rs-49-1139/	§49:1139. Beach sweep program
https://law.justia.com/codes/louisiana/2025/revised-statutes/title-49/rs-49-1140/	§49:1140. Inland water cleanup
https://law.justia.com/codes/louisiana/2025/revised-statutes/title-49/rs-49-1141/	§49:1141. Boaters' and fishermen's pledge
https://law.justia.com/codes/louisiana/2025/revised-statutes/title-49/rs-49-1142/	§49:1142. Adopt-a-byway program
https://law.justia.com/codes/louisiana/2025/revised-statutes/title-49/rs-49-1143/	§49:1143. Adopt-a-waterbody program
https://law.justia.com/codes/louisiana/2025/revised-statutes/title-49/rs-49-1211/	§49:1211. Legislative findings
https://law.justia.com/codes/louisiana/2025/revised-statutes/title-49/rs-49-1212/	§49:1212. Louisiana Council on the Success of Black Men and Boys; creation; domicile; membership
https://law.justia.com/codes/louisiana/2025/revised-statutes/title-49/rs-49-1213/	§49:1213. Council; powers and duties
https://law.justia.com/codes/louisiana/2025/revised-statutes/title-49/rs-49-1221/	§49:1221. Legislative findings
https://law.justia.com/codes/louisiana/2025/revised-statutes/title-49/rs-49-1222/	§49:1222. Latino Commission; creation; domicile; membership
https://law.justia.com/codes/louisiana/2025/revised-statutes/title-49/rs-49-1223/	§49:1223. Powers and duties
https://law.justia.com/codes/louisiana/2025/revised-statutes/title-49/rs-49-1301/	§49:1301. Commissioner of administration; duties; sunset review of boards, commissions, and like entities
https://law.justia.com/codes/louisiana/2025/revised-statutes/title-49/rs-49-1302/	§49:1302. Website; content
https://law.justia.com/codes/louisiana/2025/revised-statutes/title-49/rs-49-1303/	§49:1303. Submission of notices and minutes
https://law.justia.com/codes/louisiana/2025/revised-statutes/title-49/rs-49-1304/	§49:1304. Submission of other information
https://law.justia.com/codes/louisiana/2025/revised-statutes/title-49/rs-49-1305/	§49:1305. Applicability
https://law.justia.com/codes/louisiana/2025/revised-statutes/title-49/rs-49-1305-1/	§49:1305.1. Additional limited applicability of Chapter; notices of meetings only; duties of the commissioner
https://law.justia.com/codes/louisiana/2025/revised-statutes/title-49/rs-49-1306/	§49:1306. Rules and regulations
https://law.justia.com/codes/louisiana/2025/revised-statutes/title-49/rs-49-1307/	§49:1307. Legislative auditor
https://law.justia.com/codes/louisiana/2025/revised-statutes/title-49/rs-49-1308/	§49:1308. Internet publication of certain information concerning permits and licenses; information required to be published; manner of publication
https://law.justia.com/codes/louisiana/2025/revised-statutes/title-49/rs-49-1401/	§49:1401. Short title
https://law.justia.com/codes/louisiana/2025/revised-statutes/title-49/rs-49-1402/	§49:1402. Definition of terms
https://law.justia.com/codes/louisiana/2025/revised-statutes/title-49/rs-49-1403/	§49:1403. Reports
https://law.justia.com/codes/louisiana/2025/revised-statutes/title-49/rs-49-1501/	§49:1501. Short title
https://law.justia.com/codes/louisiana/2025/revised-statutes/title-49/rs-49-1502/	§49:1502. Definitions
https://law.justia.com/codes/louisiana/2025/revised-statutes/title-49/rs-49-1503/	§49:1503. Prohibitions on use and testing of central bank digital currency
https://law.justia.com/codes/louisiana/2025/revised-statutes/title-49/rs-49-1504/	§49:1504. Permitted uses of digital assets
https://law.justia.com/codes/louisiana/2025/revised-statutes/title-49/rs-49-1505/	§49:1505. Permitted uses of home digital asset mining; exceptions
https://law.justia.com/codes/louisiana/2025/revised-statutes/title-49/rs-49-1506/	§49:1506. Node operating; home digital asset mining; exceptions; liability
https://law.justia.com/codes/louisiana/2025/revised-statutes/title-49/rs-49-1507/	§49:1507. Ownership of digital asset mining business by prohibited foreign-party- controlled business; prohibited
https://law.justia.com/codes/louisiana/2025/revised-statutes/title-49/rs-49-1511/	§49:1511. Short title
https://law.justia.com/codes/louisiana/2025/revised-statutes/title-49/rs-49-1512/	§49:1512. Legislative intent
https://law.justia.com/codes/louisiana/2025/revised-statutes/title-49/rs-49-1513/	§49:1513. Definitions
https://law.justia.com/codes/louisiana/2025/revised-statutes/title-49/rs-49-1514/	§49:1514. Responsibilities of state agencies
https://law.justia.com/codes/louisiana/2025/revised-statutes/title-49/rs-49-1515/	§49:1515. Annual reporting requirements
https://law.justia.com/codes/louisiana/2025/revised-statutes/title-49/rs-49-1516/	§49:1516. Data collection and verification
https://law.justia.com/codes/louisiana/2025/revised-statutes/title-49/rs-49-1517/	§49:1517. Penalties for noncompliance
https://law.justia.com/codes/louisiana/2025/revised-statutes/title-49/rs-49-1518/	§49:1518. Subject to appropriation