https://law.justia.com/codes/pennsylvania/2015/title-1/	Title 1 - GENERAL PROVISIONS
https://law.justia.com/codes/pennsylvania/2015/title-2/	Title 2 - ADMINISTRATIVE LAW AND PROCEDURE
https://law.justia.com/codes/pennsylvania/2015/title-3/	Title 3 - AGRICULTURE
https://law.justia.com/codes/pennsylvania/2015/title-4/	Title 4 - AMUSEMENTS
https://law.justia.com/codes/pennsylvania/2015/title-5/	Title 5 - ATHLETICS AND SPORTS
https://law.justia.com/codes/pennsylvania/2015/title-6/	Title 6 - BAILEES AND FACTORS
https://law.justia.com/codes/pennsylvania/2015/title-7/	Title 7 - BANKS AND BANKING
https://law.justia.com/codes/pennsylvania/2015/title-8/	Title 8 - BOROUGHS AND INCORPORATED TOWNS
https://law.justia.com/codes/pennsylvania/2015/title-9/	Title 9 - BURIAL GROUNDS
https://law.justia.com/codes/pennsylvania/2015/title-10/	Title 10 - CHARITIES
https://law.justia.com/codes/pennsylvania/2015/title-11/	Title 11 - CITIES
https://law.justia.com/codes/pennsylvania/2015/title-12/	Title 12 - COMMERCE AND TRADE
https://law.justia.com/codes/pennsylvania/2015/title-13/	Title 13 - COMMERCIAL CODE
https://law.justia.com/codes/pennsylvania/2015/title-14/	Title 14 - COMMUNITY AFFAIRS
https://law.justia.com/codes/pennsylvania/2015/title-15/	Title 15 - CORPORATIONS AND UNINCORPORATED ASSOCIATIONS
https://law.justia.com/codes/pennsylvania/2015/title-16/	Title 16 - COUNTIES
https://law.justia.com/codes/pennsylvania/2015/title-17/	Title 17 - CREDIT UNIONS
https://law.justia.com/codes/pennsylvania/2015/title-18/	Title 18 - CRIMES AND OFFENSES
https://law.justia.com/codes/pennsylvania/2015/title-20/	Title 20 - DECEDENTS, ESTATES AND FIDUCIARIES
https://law.justia.com/codes/pennsylvania/2015/title-22/	Title 22 - DETECTIVES AND PRIVATE POLICE
https://law.justia.com/codes/pennsylvania/2015/title-23/	Title 23 - DOMESTIC RELATIONS
https://law.justia.com/codes/pennsylvania/2015/title-24/	Title 24 - EDUCATION
https://law.justia.com/codes/pennsylvania/2015/title-25/	Title 25 - ELECTIONS
https://law.justia.com/codes/pennsylvania/2015/title-26/	Title 26 - EMINENT DOMAIN
https://law.justia.com/codes/pennsylvania/2015/title-27/	Title 27 - ENVIRONMENTAL RESOURCES
https://law.justia.com/codes/pennsylvania/2015/title-28/	Title 28 - ESCHEATS
https://law.justia.com/codes/pennsylvania/2015/title-29/	Title 29 - FEDERAL RELATIONS
https://law.justia.com/codes/pennsylvania/2015/title-30/	Title 30 - FISH
https://law.justia.com/codes/pennsylvania/2015/title-31/	Title 31 - FOOD
https://law.justia.com/codes/pennsylvania/2015/title-32/	Title 32 - FORESTS, WATERS AND STATE PARKS
https://law.justia.com/codes/pennsylvania/2015/title-33/	Title 33 - FRAUDS, STATUTE OF
https://law.justia.com/codes/pennsylvania/2015/title-34/	Title 34 - GAME
https://law.justia.com/codes/pennsylvania/2015/title-35/	Title 35 - HEALTH AND SAFETY
https://law.justia.com/codes/pennsylvania/2015/title-36/	Title 36 - HIGHWAYS AND BRIDGES
https://law.justia.com/codes/pennsylvania/2015/title-37/	Title 37 - HISTORICAL AND MUSEUMS
https://law.justia.com/codes/pennsylvania/2015/title-38/	Title 38 - HOLIDAYS AND OBSERVANCES
https://law.justia.com/codes/pennsylvania/2015/title-39/	Title 39 - INSOLVENCY AND ASSIGNMENTS
https://law.justia.com/codes/pennsylvania/2015/title-40/	Title 40 - INSURANCE
https://law.justia.com/codes/pennsylvania/2015/title-42/	Title 42 - JUDICIARY AND JUDICIAL PROCEDURE
https://law.justia.com/codes/pennsylvania/2015/title-43/	Title 43 - LABOR
https://law.justia.com/codes/pennsylvania/2015/title-44/	Title 44 - LAW AND JUSTICE
https://law.justia.com/codes/pennsylvania/2015/title-45/	Title 45 - LEGAL NOTICES
https://law.justia.com/codes/pennsylvania/2015/title-46/	Title 46 - LEGISLATURE
https://law.justia.com/codes/pennsylvania/2015/title-47/	Title 47 - LIQUOR
https://law.justia.com/codes/pennsylvania/2015/title-48/	Title 48 - LODGING AND HOUSING
https://law.justia.com/codes/pennsylvania/2015/title-49/	Title 49 - MECHANICS' LIENS
https://law.justia.com/codes/pennsylvania/2015/title-50/	Title 50 - MENTAL HEALTH
https://law.justia.com/codes/pennsylvania/2015/title-51/	Title 51 - MILITARY AFFAIRS
https://law.justia.com/codes/pennsylvania/2015/title-52/	Title 52 - MINES AND MINING
https://law.justia.com/codes/pennsylvania/2015/title-53/	Title 53 - MUNICIPALITIES GENERALLY
https://law.justia.com/codes/pennsylvania/2015/title-54/	Title 54 - NAMES
https://law.justia.com/codes/pennsylvania/2015/title-57/	Title 57 - NOTARIES PUBLIC
https://law.justia.com/codes/pennsylvania/2015/title-58/	Title 58 - OIL AND GAS
https://law.justia.com/codes/pennsylvania/2015/title-59/	Title 59 - PARTNERSHIPS
https://law.justia.com/codes/pennsylvania/2015/title-60/	Title 60 - PEDDLERS
https://law.justia.com/codes/pennsylvania/2015/title-61/	Title 61 - PRISONS AND PAROLE
https://law.justia.com/codes/pennsylvania/2015/title-62/	Title 62 - PROCUREMENT
https://law.justia.com/codes/pennsylvania/2015/title-63/	Title 63 - PROFESSIONS AND OCCUPATIONS (STATE LICENSED)
https://law.justia.com/codes/pennsylvania/2015/title-64/	Title 64 - PUBLIC AUTHORITIES AND QUASI-PUBLIC CORPORATIONS
https://law.justia.com/codes/pennsylvania/2015/title-65/	Title 65 - PUBLIC OFFICERS
https://law.justia.com/codes/pennsylvania/2015/title-66/	Title 66 - PUBLIC UTILITIES
https://law.justia.com/codes/pennsylvania/2015/title-67/	Title 67 - PUBLIC WELFARE
https://law.justia.com/codes/pennsylvania/2015/title-68/	Title 68 - REAL AND PERSONAL PROPERTY
https://law.justia.com/codes/pennsylvania/2015/title-69/	Title 69 - SAVINGS ASSOCIATIONS
https://law.justia.com/codes/pennsylvania/2015/title-70/	Title 70 - SECURITIES
https://law.justia.com/codes/pennsylvania/2015/title-71/	Title 71 - STATE GOVERNMENT
https://law.justia.com/codes/pennsylvania/2015/title-72/	Title 72 - TAXATION AND FISCAL AFFAIRS
https://law.justia.com/codes/pennsylvania/2015/title-73/	Title 73 - TOWNSHIPS
https://law.justia.com/codes/pennsylvania/2015/title-74/	Title 74 - TRANSPORTATION
https://law.justia.com/codes/pennsylvania/2015/title-75/	Title 75 - VEHICLES
https://law.justia.com/codes/pennsylvania/2015/title-76/	Title 76 - WEIGHTS, MEASURES AND STANDARDS
https://law.justia.com/codes/pennsylvania/2015/title-77/	Title 77 - WORKMEN'S COMPENSATION
https://law.justia.com/codes/pennsylvania/2015/title-78/	Title 78 - ZONING AND PLANNING
https://law.justia.com/codes/pennsylvania/2015/title-79/	Title 79 - SUPPLEMENTARY PROVISIONS