https://law.justia.com/codes/florida/2015/title-i/	TITLE I - CONSTRUCTION OF STATUTES
https://law.justia.com/codes/florida/2015/title-ii/	TITLE II - STATE ORGANIZATION
https://law.justia.com/codes/florida/2015/title-iii/	TITLE III - LEGISLATIVE BRANCH; COMMISSIONS
https://law.justia.com/codes/florida/2015/title-iv/	TITLE IV - EXECUTIVE BRANCH
https://law.justia.com/codes/florida/2015/title-v/	TITLE V - JUDICIAL BRANCH
https://law.justia.com/codes/florida/2015/title-vi/	TITLE VI - CIVIL PRACTICE AND PROCEDURE
https://law.justia.com/codes/florida/2015/title-vii/	TITLE VII - EVIDENCE
https://law.justia.com/codes/florida/2015/title-viii/	TITLE VIII - LIMITATIONS
https://law.justia.com/codes/florida/2015/title-ix/	TITLE IX - ELECTORS AND ELECTIONS
https://law.justia.com/codes/florida/2015/title-x/	TITLE X - PUBLIC OFFICERS, EMPLOYEES, AND RECORDS
https://law.justia.com/codes/florida/2015/title-xi/	TITLE XI - COUNTY ORGANIZATION AND INTERGOVERNMENTAL RELATIONS
https://law.justia.com/codes/florida/2015/title-xii/	TITLE XII - MUNICIPALITIES
https://law.justia.com/codes/florida/2015/title-xiii/	TITLE XIII - PLANNING AND DEVELOPMENT
https://law.justia.com/codes/florida/2015/title-xiv/	TITLE XIV - TAXATION AND FINANCE
https://law.justia.com/codes/florida/2015/title-xv/	TITLE XV - HOMESTEAD AND EXEMPTIONS
https://law.justia.com/codes/florida/2015/title-xvi/	TITLE XVI - TEACHERS' RETIREMENT SYSTEM; HIGHER EDUCATIONAL FACILITIES BONDS
https://law.justia.com/codes/florida/2015/title-xvii/	TITLE XVII - MILITARY AFFAIRS AND RELATED MATTERS
https://law.justia.com/codes/florida/2015/title-xviii/	TITLE XVIII - PUBLIC LANDS AND PROPERTY
https://law.justia.com/codes/florida/2015/title-xix/	TITLE XIX - PUBLIC BUSINESS
https://law.justia.com/codes/florida/2015/title-xx/	TITLE XX - VETERANS
https://law.justia.com/codes/florida/2015/title-xxi/	TITLE XXI - DRAINAGE
https://law.justia.com/codes/florida/2015/title-xxii/	TITLE XXII - PORTS AND HARBORS
https://law.justia.com/codes/florida/2015/title-xxiii/	TITLE XXIII - MOTOR VEHICLES
https://law.justia.com/codes/florida/2015/title-xxiv/	TITLE XXIV - VESSELS
https://law.justia.com/codes/florida/2015/title-xxv/	TITLE XXV - AVIATION
https://law.justia.com/codes/florida/2015/title-xxvi/	TITLE XXVI - PUBLIC TRANSPORTATION
https://law.justia.com/codes/florida/2015/title-xxvii/	TITLE XXVII - RAILROADS AND OTHER REGULATED UTILITIES
https://law.justia.com/codes/florida/2015/title-xxviii/	TITLE XXVIII - NATURAL RESOURCES; CONSERVATION, RECLAMATION, AND USE
https://law.justia.com/codes/florida/2015/title-xxix/	TITLE XXIX - PUBLIC HEALTH
https://law.justia.com/codes/florida/2015/title-xxx/	TITLE XXX - SOCIAL WELFARE
https://law.justia.com/codes/florida/2015/title-xxxi/	TITLE XXXI - LABOR
https://law.justia.com/codes/florida/2015/title-xxxii/	TITLE XXXII - REGULATION OF PROFESSIONS AND OCCUPATIONS
https://law.justia.com/codes/florida/2015/title-xxxiii/	TITLE XXXIII - REGULATION OF TRADE, COMMERCE, INVESTMENTS, AND SOLICITATIONS
https://law.justia.com/codes/florida/2015/title-xxxiv/	TITLE XXXIV - ALCOHOLIC BEVERAGES AND TOBACCO
https://law.justia.com/codes/florida/2015/title-xxxv/	TITLE XXXV - AGRICULTURE, HORTICULTURE, AND ANIMAL INDUSTRY
https://law.justia.com/codes/florida/2015/title-xxxvi/	TITLE XXXVI - BUSINESS ORGANIZATIONS
https://law.justia.com/codes/florida/2015/title-xxxvii/	TITLE XXXVII - INSURANCE
https://law.justia.com/codes/florida/2015/title-xxxviii/	TITLE XXXVIII - BANKS AND BANKING
https://law.justia.com/codes/florida/2015/title-xxxix/	TITLE XXXIX - COMMERCIAL RELATIONS
https://law.justia.com/codes/florida/2015/title-xl/	TITLE XL - REAL AND PERSONAL PROPERTY
https://law.justia.com/codes/florida/2015/title-xli/	TITLE XLI - STATUTE OF FRAUDS, FRAUDULENT TRANSFERS, AND GENERAL ASSIGNMENTS
https://law.justia.com/codes/florida/2015/title-xlii/	TITLE XLII - ESTATES AND TRUSTS
https://law.justia.com/codes/florida/2015/title-xliii/	TITLE XLIII - DOMESTIC RELATIONS
https://law.justia.com/codes/florida/2015/title-xliv/	TITLE XLIV - CIVIL RIGHTS
https://law.justia.com/codes/florida/2015/title-xlv/	TITLE XLV - TORTS
https://law.justia.com/codes/florida/2015/title-xlvi/	TITLE XLVI - CRIMES
https://law.justia.com/codes/florida/2015/title-xlvii/	TITLE XLVII - CRIMINAL PROCEDURE AND CORRECTIONS
https://law.justia.com/codes/florida/2015/title-xlviii/	TITLE XLVIII - K-20 EDUCATION CODE