https://law.justia.com/codes/washington/2015/title-1/	Title 1 - GENERAL PROVISIONS
https://law.justia.com/codes/washington/2015/title-2/	Title 2 - COURTS OF RECORD
https://law.justia.com/codes/washington/2015/title-3/	Title 3 - DISTRICT COURTS—COURTS OF LIMITED JURISDICTION
https://law.justia.com/codes/washington/2015/title-4/	Title 4 - CIVIL PROCEDURE
https://law.justia.com/codes/washington/2015/title-5/	Title 5 - EVIDENCE
https://law.justia.com/codes/washington/2015/title-6/	Title 6 - ENFORCEMENT OF JUDGMENTS
https://law.justia.com/codes/washington/2015/title-7/	Title 7 - SPECIAL PROCEEDINGS AND ACTIONS
https://law.justia.com/codes/washington/2015/title-8/	Title 8 - EMINENT DOMAIN
https://law.justia.com/codes/washington/2015/title-9/	Title 9 - CRIMES AND PUNISHMENTS
https://law.justia.com/codes/washington/2015/title-9a/	Title 9A - WASHINGTON CRIMINAL CODE
https://law.justia.com/codes/washington/2015/title-10/	Title 10 - CRIMINAL PROCEDURE
https://law.justia.com/codes/washington/2015/title-11/	Title 11 - PROBATE AND TRUST LAW
https://law.justia.com/codes/washington/2015/title-12/	Title 12 - DISTRICT COURTS—CIVIL PROCEDURE
https://law.justia.com/codes/washington/2015/title-13/	Title 13 - JUVENILE COURTS AND JUVENILE OFFENDERS
https://law.justia.com/codes/washington/2015/title-14/	Title 14 - AERONAUTICS
https://law.justia.com/codes/washington/2015/title-15/	Title 15 - AGRICULTURE AND MARKETING
https://law.justia.com/codes/washington/2015/title-16/	Title 16 - ANIMALS AND LIVESTOCK
https://law.justia.com/codes/washington/2015/title-17/	Title 17 - WEEDS, RODENTS, AND PESTS
https://law.justia.com/codes/washington/2015/title-18/	Title 18 - BUSINESSES AND PROFESSIONS
https://law.justia.com/codes/washington/2015/title-19/	Title 19 - BUSINESS REGULATIONS—MISCELLANEOUS
https://law.justia.com/codes/washington/2015/title-20/	Title 20 - COMMISSION MERCHANTS—AGRICULTURAL PRODUCTS
https://law.justia.com/codes/washington/2015/title-21/	Title 21 - SECURITIES AND INVESTMENTS
https://law.justia.com/codes/washington/2015/title-22/	Title 22 - WAREHOUSING AND DEPOSITS
https://law.justia.com/codes/washington/2015/title-23/	Title 23 - CORPORATIONS AND ASSOCIATIONS (PROFIT)(Business Corporation Act: See Title 23B RCW)
https://law.justia.com/codes/washington/2015/title-23b/	Title 23B - WASHINGTON BUSINESS CORPORATION ACT
https://law.justia.com/codes/washington/2015/title-24/	Title 24 - CORPORATIONS AND ASSOCIATIONS (NONPROFIT)
https://law.justia.com/codes/washington/2015/title-25/	Title 25 - PARTNERSHIPS
https://law.justia.com/codes/washington/2015/title-26/	Title 26 - DOMESTIC RELATIONS
https://law.justia.com/codes/washington/2015/title-27/	Title 27 - LIBRARIES, MUSEUMS, AND HISTORICAL ACTIVITIES
https://law.justia.com/codes/washington/2015/title-28a/	Title 28A - COMMON SCHOOL PROVISIONS
https://law.justia.com/codes/washington/2015/title-28b/	Title 28B - HIGHER EDUCATION
https://law.justia.com/codes/washington/2015/title-28c/	Title 28C - VOCATIONAL EDUCATION
https://law.justia.com/codes/washington/2015/title-29a/	Title 29A - ELECTIONS
https://law.justia.com/codes/washington/2015/title-30a/	Title 30A - WASHINGTON COMMERCIAL BANK ACT
https://law.justia.com/codes/washington/2015/title-30b/	Title 30B - WASHINGTON TRUST INSTITUTIONS ACT
https://law.justia.com/codes/washington/2015/title-31/	Title 31 - MISCELLANEOUS LOAN AGENCIES
https://law.justia.com/codes/washington/2015/title-32/	Title 32 - WASHINGTON SAVINGS BANK ACT
https://law.justia.com/codes/washington/2015/title-33/	Title 33 - WASHINGTON SAVINGS ASSOCIATION ACT
https://law.justia.com/codes/washington/2015/title-34/	Title 34 - ADMINISTRATIVE LAW
https://law.justia.com/codes/washington/2015/title-35/	Title 35 - CITIES AND TOWNS
https://law.justia.com/codes/washington/2015/title-35a/	Title 35A - OPTIONAL MUNICIPAL CODE
https://law.justia.com/codes/washington/2015/title-36/	Title 36 - COUNTIES
https://law.justia.com/codes/washington/2015/title-37/	Title 37 - FEDERAL AREAS—INDIANS
https://law.justia.com/codes/washington/2015/title-38/	Title 38 - MILITIA AND MILITARY AFFAIRS
https://law.justia.com/codes/washington/2015/title-39/	Title 39 - PUBLIC CONTRACTS AND INDEBTEDNESS
https://law.justia.com/codes/washington/2015/title-40/	Title 40 - PUBLIC DOCUMENTS, RECORDS, AND PUBLICATIONS
https://law.justia.com/codes/washington/2015/title-41/	Title 41 - PUBLIC EMPLOYMENT, CIVIL SERVICE, AND PENSIONS
https://law.justia.com/codes/washington/2015/title-42/	Title 42 - PUBLIC OFFICERS AND AGENCIES
https://law.justia.com/codes/washington/2015/title-43/	Title 43 - STATE GOVERNMENT—EXECUTIVE
https://law.justia.com/codes/washington/2015/title-44/	Title 44 - STATE GOVERNMENT—LEGISLATIVE
https://law.justia.com/codes/washington/2015/title-46/	Title 46 - MOTOR VEHICLES
https://law.justia.com/codes/washington/2015/title-47/	Title 47 - PUBLIC HIGHWAYS AND TRANSPORTATION
https://law.justia.com/codes/washington/2015/title-48/	Title 48 - INSURANCE
https://law.justia.com/codes/washington/2015/title-49/	Title 49 - LABOR REGULATIONS
https://law.justia.com/codes/washington/2015/title-50/	Title 50 - UNEMPLOYMENT COMPENSATION
https://law.justia.com/codes/washington/2015/title-51/	Title 51 - INDUSTRIAL INSURANCE
https://law.justia.com/codes/washington/2015/title-52/	Title 52 - FIRE PROTECTION DISTRICTS
https://law.justia.com/codes/washington/2015/title-53/	Title 53 - PORT DISTRICTS
https://law.justia.com/codes/washington/2015/title-54/	Title 54 - PUBLIC UTILITY DISTRICTS
https://law.justia.com/codes/washington/2015/title-55/	Title 55 - SANITARY DISTRICTS
https://law.justia.com/codes/washington/2015/title-57/	Title 57 - WATER-SEWER DISTRICTS
https://law.justia.com/codes/washington/2015/title-58/	Title 58 - BOUNDARIES AND PLATS
https://law.justia.com/codes/washington/2015/title-59/	Title 59 - LANDLORD AND TENANT
https://law.justia.com/codes/washington/2015/title-60/	Title 60 - LIENS
https://law.justia.com/codes/washington/2015/title-61/	Title 61 - MORTGAGES, DEEDS OF TRUST, AND REAL ESTATE CONTRACTS
https://law.justia.com/codes/washington/2015/title-62a/	Title 62A - UNIFORM COMMERCIAL CODE
https://law.justia.com/codes/washington/2015/title-63/	Title 63 - PERSONAL PROPERTY
https://law.justia.com/codes/washington/2015/title-64/	Title 64 - REAL PROPERTY AND CONVEYANCES
https://law.justia.com/codes/washington/2015/title-65/	Title 65 - RECORDING, REGISTRATION, AND LEGAL PUBLICATION
https://law.justia.com/codes/washington/2015/title-66/	Title 66 - ALCOHOLIC BEVERAGE CONTROL
https://law.justia.com/codes/washington/2015/title-67/	Title 67 - SPORTS AND RECREATION—CONVENTION FACILITIES
https://law.justia.com/codes/washington/2015/title-68/	Title 68 - CEMETERIES, MORGUES, AND HUMAN REMAINS
https://law.justia.com/codes/washington/2015/title-69/	Title 69 - FOOD, DRUGS, COSMETICS, AND POISONS
https://law.justia.com/codes/washington/2015/title-70/	Title 70 - PUBLIC HEALTH AND SAFETY
https://law.justia.com/codes/washington/2015/title-71/	Title 71 - MENTAL ILLNESS
https://law.justia.com/codes/washington/2015/title-71a/	Title 71A - DEVELOPMENTAL DISABILITIES
https://law.justia.com/codes/washington/2015/title-72/	Title 72 - STATE INSTITUTIONS
https://law.justia.com/codes/washington/2015/title-73/	Title 73 - VETERANS AND VETERANS' AFFAIRS
https://law.justia.com/codes/washington/2015/title-74/	Title 74 - PUBLIC ASSISTANCE
https://law.justia.com/codes/washington/2015/title-76/	Title 76 - FORESTS AND FOREST PRODUCTS
https://law.justia.com/codes/washington/2015/title-77/	Title 77 - FISH AND WILDLIFE
https://law.justia.com/codes/washington/2015/title-78/	Title 78 - MINES, MINERALS, AND PETROLEUM
https://law.justia.com/codes/washington/2015/title-79/	Title 79 - PUBLIC LANDS
https://law.justia.com/codes/washington/2015/title-79a/	Title 79A - PUBLIC RECREATIONAL LANDS
https://law.justia.com/codes/washington/2015/title-80/	Title 80 - PUBLIC UTILITIES
https://law.justia.com/codes/washington/2015/title-81/	Title 81 - TRANSPORTATION
https://law.justia.com/codes/washington/2015/title-82/	Title 82 - EXCISE TAXES
https://law.justia.com/codes/washington/2015/title-83/	Title 83 - ESTATE TAXATION
https://law.justia.com/codes/washington/2015/title-84/	Title 84 - PROPERTY TAXES
https://law.justia.com/codes/washington/2015/title-85/	Title 85 - DIKING AND DRAINAGE
https://law.justia.com/codes/washington/2015/title-86/	Title 86 - FLOOD CONTROL
https://law.justia.com/codes/washington/2015/title-87/	Title 87 - IRRIGATION
https://law.justia.com/codes/washington/2015/title-88/	Title 88 - NAVIGATION AND HARBOR IMPROVEMENTS
https://law.justia.com/codes/washington/2015/title-89/	Title 89 - RECLAMATION, SOIL CONSERVATION, AND LAND SETTLEMENT
https://law.justia.com/codes/washington/2015/title-90/	Title 90 - WATER RIGHTS—ENVIRONMENT
https://law.justia.com/codes/washington/2015/title-91/	Title 91 - WATERWAYS