https://law.justia.com/codes/texas/2025/agriculture-code/	Agriculture Code
https://law.justia.com/codes/texas/2025/alcoholic-beverage-code/	Alcoholic Beverage Code
https://law.justia.com/codes/texas/2025/auxiliary-water-laws/	Auxiliary Water Laws
https://law.justia.com/codes/texas/2025/business-commerce-code/	Business & Commerce Code
https://law.justia.com/codes/texas/2025/business-organizations-code/	Business Organizations Code
https://law.justia.com/codes/texas/2025/civil-practice-and-remedies-code/	Civil Practice and Remedies Code
https://law.justia.com/codes/texas/2025/code-of-criminal-procedure/	Code of Criminal Procedure
https://law.justia.com/codes/texas/2025/education-code/	Education Code
https://law.justia.com/codes/texas/2025/election-code/	Election Code
https://law.justia.com/codes/texas/2025/estates-code/	Estates Code
https://law.justia.com/codes/texas/2025/family-code/	Family Code
https://law.justia.com/codes/texas/2025/finance-code/	Finance Code
https://law.justia.com/codes/texas/2025/government-code/	Government Code
https://law.justia.com/codes/texas/2025/health-and-safety-code/	Health and Safety Code
https://law.justia.com/codes/texas/2025/human-resources-code/	Human Resources Code
https://law.justia.com/codes/texas/2025/insurance-code/	Insurance Code
https://law.justia.com/codes/texas/2025/insurance-code-not-codified/	Insurance Code - Not Codified
https://law.justia.com/codes/texas/2025/labor-code/	Labor Code
https://law.justia.com/codes/texas/2025/local-government-code/	Local Government Code
https://law.justia.com/codes/texas/2025/natural-resources-code/	Natural Resources Code
https://law.justia.com/codes/texas/2025/occupations-code/	Occupations Code
https://law.justia.com/codes/texas/2025/parks-and-wildlife-code/	Parks and Wildlife Code
https://law.justia.com/codes/texas/2025/penal-code/	Penal Code
https://law.justia.com/codes/texas/2025/probate-code/	Probate Code
https://law.justia.com/codes/texas/2025/property-code/	Property Code
https://law.justia.com/codes/texas/2025/special-district-local-laws-code/	Special District Local Laws Code
https://law.justia.com/codes/texas/2025/tax-code/	Tax Code
https://law.justia.com/codes/texas/2025/transportation-code/	Transportation Code
https://law.justia.com/codes/texas/2025/utilities-code/	Utilities Code
https://law.justia.com/codes/texas/2025/water-code/	Water Code
https://law.justia.com/codes/texas/2025/vernon-s-civil-statutes/	Vernon's Civil Statutes