https://law.justia.com/codes/alaska/2025/title-1/	Title 1. General Provisions
https://law.justia.com/codes/alaska/2025/title-2/	Title 2. Aeronautics
https://law.justia.com/codes/alaska/2025/title-3/	Title 3. Agriculture, Animals, and Food
https://law.justia.com/codes/alaska/2025/title-4/	Title 4. Alcoholic Beverages
https://law.justia.com/codes/alaska/2025/title-5/	Title 5. Amusements and Sports
https://law.justia.com/codes/alaska/2025/title-6/	Title 6. Banks and Financial Institutions
https://law.justia.com/codes/alaska/2025/title-8/	Title 8. Business and Professions
https://law.justia.com/codes/alaska/2025/title-9/	Title 9. Code of Civil Procedure
https://law.justia.com/codes/alaska/2025/title-10/	Title 10. Corporations and Associations
https://law.justia.com/codes/alaska/2025/title-11/	Title 11. Criminal Law
https://law.justia.com/codes/alaska/2025/title-12/	Title 12. Code of Criminal Procedure
https://law.justia.com/codes/alaska/2025/title-13/	Title 13. Decedents' Estates, Guardianships, Transfers, Trusts, and Health Care Decisions
https://law.justia.com/codes/alaska/2025/title-14/	Title 14. Education, Libraries, and Museums
https://law.justia.com/codes/alaska/2025/title-15/	Title 15. Elections
https://law.justia.com/codes/alaska/2025/title-16/	Title 16. Fish and Game
https://law.justia.com/codes/alaska/2025/title-17/	Title 17. Food and Drugs
https://law.justia.com/codes/alaska/2025/title-18/	Title 18. Health, Safety, Housing, Human Rights, and Public Defender
https://law.justia.com/codes/alaska/2025/title-19/	Title 19. Highways and Ferries
https://law.justia.com/codes/alaska/2025/title-20/	Title 20. Infants and Incompetents
https://law.justia.com/codes/alaska/2025/title-21/	Title 21. Insurance
https://law.justia.com/codes/alaska/2025/title-22/	Title 22. Judiciary
https://law.justia.com/codes/alaska/2025/title-23/	Title 23. Labor and Workers' Compensation
https://law.justia.com/codes/alaska/2025/title-24/	Title 24. Legislature and Lobbying
https://law.justia.com/codes/alaska/2025/title-25/	Title 25. Marital and Domestic Relations
https://law.justia.com/codes/alaska/2025/title-26/	Title 26. Military Affairs, Veterans, Disasters, and Aerospace
https://law.justia.com/codes/alaska/2025/title-27/	Title 27. Mining
https://law.justia.com/codes/alaska/2025/title-28/	Title 28. Motor Vehicles
https://law.justia.com/codes/alaska/2025/title-29/	Title 29. Municipal Government
https://law.justia.com/codes/alaska/2025/title-30/	Title 30. Navigation, Harbors, Shipping, and Transportation Facilities
https://law.justia.com/codes/alaska/2025/title-31/	Title 31. Oil and Gas
https://law.justia.com/codes/alaska/2025/title-32/	Title 32. Partnership
https://law.justia.com/codes/alaska/2025/title-33/	Title 33. Probation, Prisons, Pardons, and Prisoners
https://law.justia.com/codes/alaska/2025/title-34/	Title 34. Property
https://law.justia.com/codes/alaska/2025/title-35/	Title 35. Public Buildings, Works, and Improvements
https://law.justia.com/codes/alaska/2025/title-36/	Title 36. Public Contracts
https://law.justia.com/codes/alaska/2025/title-37/	Title 37. Public Finance
https://law.justia.com/codes/alaska/2025/title-38/	Title 38. Public Land
https://law.justia.com/codes/alaska/2025/title-39/	Title 39. Public Officers and Employees
https://law.justia.com/codes/alaska/2025/title-40/	Title 40. Public Records and Recorders
https://law.justia.com/codes/alaska/2025/title-41/	Title 41. Public Resources
https://law.justia.com/codes/alaska/2025/title-42/	Title 42. Public Utilities and Carriers and Energy Programs
https://law.justia.com/codes/alaska/2025/title-43/	Title 43. Revenue and Taxation
https://law.justia.com/codes/alaska/2025/title-44/	Title 44. State Government
https://law.justia.com/codes/alaska/2025/title-45/	Title 45. Trade and Commerce
https://law.justia.com/codes/alaska/2025/title-46/	Title 46. Water, Air, Energy, and Environmental Conservation
https://law.justia.com/codes/alaska/2025/title-47/	Title 47. Welfare, Social Services, and Institutions