https://law.justia.com/codes/arizona/2025/title-1/	Title 1 - General Provision
https://law.justia.com/codes/arizona/2025/title-3/	Title 3 - Agriculture
https://law.justia.com/codes/arizona/2025/title-4/	Title 4 - Alcoholic Beverages
https://law.justia.com/codes/arizona/2025/title-5/	Title 5 - Amusements and Sports
https://law.justia.com/codes/arizona/2025/title-6/	Title 6 - Banks and Financial Institutions
https://law.justia.com/codes/arizona/2025/title-7/	Title 7 - Bonds
https://law.justia.com/codes/arizona/2025/title-8/	Title 8 - Child Safety
https://law.justia.com/codes/arizona/2025/title-9/	Title 9 - Cities and Towns
https://law.justia.com/codes/arizona/2025/title-10/	Title 10 - Corporations and Associations
https://law.justia.com/codes/arizona/2025/title-11/	Title 11 - Counties
https://law.justia.com/codes/arizona/2025/title-12/	Title 12 - Courts and Civil Proceedings
https://law.justia.com/codes/arizona/2025/title-13/	Title 13 - Criminal Code
https://law.justia.com/codes/arizona/2025/title-14/	Title 14 - Trusts, Estates and Protective Proceedings
https://law.justia.com/codes/arizona/2025/title-15/	Title 15 - Education
https://law.justia.com/codes/arizona/2025/title-16/	Title 16 - Elections and Electors
https://law.justia.com/codes/arizona/2025/title-17/	Title 17 - Game and Fish
https://law.justia.com/codes/arizona/2025/title-18/	Title 18 - Information Technology
https://law.justia.com/codes/arizona/2025/title-19/	Title 19 - Initiative, Referendum and Recall
https://law.justia.com/codes/arizona/2025/title-20/	Title 20 - Insurance
https://law.justia.com/codes/arizona/2025/title-21/	Title 21 - Juries
https://law.justia.com/codes/arizona/2025/title-22/	Title 22 - Justice and Municipal Courts
https://law.justia.com/codes/arizona/2025/title-23/	Title 23 - Labor
https://law.justia.com/codes/arizona/2025/title-25/	Title 25 - Marital and Domestic Relations
https://law.justia.com/codes/arizona/2025/title-26/	Title 26 - Military Affairs and Emergency Management
https://law.justia.com/codes/arizona/2025/title-27/	Title 27 - Minerals, Oil and Gas
https://law.justia.com/codes/arizona/2025/title-28/	Title 28 - Transportation
https://law.justia.com/codes/arizona/2025/title-29/	Title 29 - Partnership
https://law.justia.com/codes/arizona/2025/title-30/	Title 30 - Power
https://law.justia.com/codes/arizona/2025/title-31/	Title 31 - Prisons and Prisoners
https://law.justia.com/codes/arizona/2025/title-32/	Title 32 - Professions and Occupations
https://law.justia.com/codes/arizona/2025/title-33/	Title 33 - Property
https://law.justia.com/codes/arizona/2025/title-34/	Title 34 - Public Buildings and Improvements
https://law.justia.com/codes/arizona/2025/title-35/	Title 35 - Public Finances
https://law.justia.com/codes/arizona/2025/title-36/	Title 36 - Public Health and Safety
https://law.justia.com/codes/arizona/2025/title-37/	Title 37 - Public Lands
https://law.justia.com/codes/arizona/2025/title-38/	Title 38 - Public Officers and Employees
https://law.justia.com/codes/arizona/2025/title-39/	Title 39 - Public Records, Printing and Notices
https://law.justia.com/codes/arizona/2025/title-40/	Title 40 - Public Utilities and Carriers
https://law.justia.com/codes/arizona/2025/title-41/	Title 41 - State Government
https://law.justia.com/codes/arizona/2025/title-42/	Title 42 - Taxation
https://law.justia.com/codes/arizona/2025/title-43/	Title 43 - Taxation of Income
https://law.justia.com/codes/arizona/2025/title-44/	Title 44 - Trade and Commerce
https://law.justia.com/codes/arizona/2025/title-45/	Title 45 - Waters
https://law.justia.com/codes/arizona/2025/title-46/	Title 46 - Welfare
https://law.justia.com/codes/arizona/2025/title-47/	Title 47 - Uniform Commercial Code
https://law.justia.com/codes/arizona/2025/title-48/	Title 48 - Special Taxing Districts
https://law.justia.com/codes/arizona/2025/title-49/	Title 49 - The Environment