https://law.justia.com/codes/wisconsin/2015/chapter-1/	1. Sovereignty and jurisdiction of the state.
https://law.justia.com/codes/wisconsin/2015/chapter-2/	2. Division of the state into counties, and their boundaries.
https://law.justia.com/codes/wisconsin/2015/chapter-3/	3. Congressional districts.
https://law.justia.com/codes/wisconsin/2015/chapter-4/	4. Senate and assembly districts.
https://law.justia.com/codes/wisconsin/2015/chapter-5/	5. Elections — general provisions; ballots and voting systems.
https://law.justia.com/codes/wisconsin/2015/chapter-6/	6. The electors.
https://law.justia.com/codes/wisconsin/2015/chapter-7/	7. Election officials; boards; selection and duties; canvassing.
https://law.justia.com/codes/wisconsin/2015/chapter-8/	8. Nominations, primaries, elections.
https://law.justia.com/codes/wisconsin/2015/chapter-9/	9. Post-election actions; direct legislation.
https://law.justia.com/codes/wisconsin/2015/chapter-10/	10. Election notices.
https://law.justia.com/codes/wisconsin/2015/chapter-11/	11. Campaign financing.
https://law.justia.com/codes/wisconsin/2015/chapter-12/	12. Prohibited election practices.
https://law.justia.com/codes/wisconsin/2015/chapter-13/	13. Legislative branch.
https://law.justia.com/codes/wisconsin/2015/chapter-14/	14. Constitutional offices and interstate bodies.
https://law.justia.com/codes/wisconsin/2015/chapter-15/	15. Structure of the executive branch.
https://law.justia.com/codes/wisconsin/2015/chapter-16/	16. Department of administration.
https://law.justia.com/codes/wisconsin/2015/chapter-17/	17. Resignations, vacancies, and removals from office.
https://law.justia.com/codes/wisconsin/2015/chapter-18/	18. State debt, revenue obligations and operating notes.
https://law.justia.com/codes/wisconsin/2015/chapter-19/	19. General duties of public officials.
https://law.justia.com/codes/wisconsin/2015/chapter-20/	20. Appropriations and budget management.
https://law.justia.com/codes/wisconsin/2015/chapter-23/	23. Conservation.
https://law.justia.com/codes/wisconsin/2015/chapter-24/	24. Public domain and the trust funds.
https://law.justia.com/codes/wisconsin/2015/chapter-25/	25. Trust funds and their management.
https://law.justia.com/codes/wisconsin/2015/chapter-26/	26. Protection of forest lands and forest productivity.
https://law.justia.com/codes/wisconsin/2015/chapter-27/	27. Public parks and places of recreation.
https://law.justia.com/codes/wisconsin/2015/chapter-28/	28. Public forests.
https://law.justia.com/codes/wisconsin/2015/chapter-29/	29. Wild animals and plants.
https://law.justia.com/codes/wisconsin/2015/chapter-30/	30. Navigable waters, harbors and navigation.
https://law.justia.com/codes/wisconsin/2015/chapter-31/	31. Regulation of dams and bridges affecting navigable waters.
https://law.justia.com/codes/wisconsin/2015/chapter-32/	32. Eminent domain.
https://law.justia.com/codes/wisconsin/2015/chapter-33/	33. Public inland waters.
https://law.justia.com/codes/wisconsin/2015/chapter-34/	34. Public deposits.
https://law.justia.com/codes/wisconsin/2015/chapter-35/	35. Publication and distribution of laws and public documents.
https://law.justia.com/codes/wisconsin/2015/chapter-36/	36. University of Wisconsin system.
https://law.justia.com/codes/wisconsin/2015/chapter-38/	38. Technical college system.
https://law.justia.com/codes/wisconsin/2015/chapter-39/	39. Higher educational agencies and education compacts.
https://law.justia.com/codes/wisconsin/2015/chapter-40/	40. Public employee trust fund.
https://law.justia.com/codes/wisconsin/2015/chapter-41/	41. Department of tourism.
https://law.justia.com/codes/wisconsin/2015/chapter-42/	42. State fair park board.
https://law.justia.com/codes/wisconsin/2015/chapter-43/	43. Libraries.
https://law.justia.com/codes/wisconsin/2015/chapter-44/	44. Historical societies and historical preservation.
https://law.justia.com/codes/wisconsin/2015/chapter-45/	45. Veterans.
https://law.justia.com/codes/wisconsin/2015/chapter-46/	46. Social services.
https://law.justia.com/codes/wisconsin/2015/chapter-47/	47. Vocational rehabilitation; specialized programs for persons with disabilities.
https://law.justia.com/codes/wisconsin/2015/chapter-48/	48. Children's code.
https://law.justia.com/codes/wisconsin/2015/chapter-49/	49. Public assistance and children and family services.
https://law.justia.com/codes/wisconsin/2015/chapter-50/	50. Uniform licensure.
https://law.justia.com/codes/wisconsin/2015/chapter-51/	51. State alcohol, drug abuse, developmental disabilities and mental health act.
https://law.justia.com/codes/wisconsin/2015/chapter-54/	54. Guardianships and conservatorships.
https://law.justia.com/codes/wisconsin/2015/chapter-55/	55. Protective service system.
https://law.justia.com/codes/wisconsin/2015/chapter-58/	58. Private asylums, hospitals and societies.
https://law.justia.com/codes/wisconsin/2015/chapter-59/	59. Counties.
https://law.justia.com/codes/wisconsin/2015/chapter-60/	60. Towns.
https://law.justia.com/codes/wisconsin/2015/chapter-61/	61. Villages.
https://law.justia.com/codes/wisconsin/2015/chapter-62/	62. Cities.
https://law.justia.com/codes/wisconsin/2015/chapter-63/	63. County and city civil service.
https://law.justia.com/codes/wisconsin/2015/chapter-64/	64. Other forms of city government.
https://law.justia.com/codes/wisconsin/2015/chapter-65/	65. Municipal budget systems.
https://law.justia.com/codes/wisconsin/2015/chapter-66/	66. General municipality law.
https://law.justia.com/codes/wisconsin/2015/chapter-67/	67. Municipal borrowing and municipal bonds.
https://law.justia.com/codes/wisconsin/2015/chapter-68/	68. Municipal administrative procedure.
https://law.justia.com/codes/wisconsin/2015/chapter-69/	69. Collection of statistics.
https://law.justia.com/codes/wisconsin/2015/chapter-70/	70. General property taxes.
https://law.justia.com/codes/wisconsin/2015/chapter-71/	71. Income and franchise taxes for state and local revenues.
https://law.justia.com/codes/wisconsin/2015/chapter-72/	72. Estate tax.
https://law.justia.com/codes/wisconsin/2015/chapter-73/	73. Tax appeals commission and department of revenue.
https://law.justia.com/codes/wisconsin/2015/chapter-74/	74. Property tax collection.
https://law.justia.com/codes/wisconsin/2015/chapter-75/	75. Land sold for taxes.
https://law.justia.com/codes/wisconsin/2015/chapter-76/	76. Taxation of public utilities and insurers.
https://law.justia.com/codes/wisconsin/2015/chapter-77/	77. Taxation of forest croplands; real estate transfer fees; sales and use taxes; county and special district sales and use taxes; managed forest land; economic development surcharge; local food and beverage tax; local rental car tax; premier resort area taxes; state rental vehicle fee; dry cleaning fees.
https://law.justia.com/codes/wisconsin/2015/chapter-78/	78. Motor vehicle and general aviation fuel taxes.
https://law.justia.com/codes/wisconsin/2015/chapter-79/	79. State revenue sharing.
https://law.justia.com/codes/wisconsin/2015/chapter-82/	82. Town highways.
https://law.justia.com/codes/wisconsin/2015/chapter-83/	83. County highways.
https://law.justia.com/codes/wisconsin/2015/chapter-84/	84. State trunk highways; federal aid.
https://law.justia.com/codes/wisconsin/2015/chapter-85/	85. Department of transportation.
https://law.justia.com/codes/wisconsin/2015/chapter-86/	86. Miscellaneous highway provisions.
https://law.justia.com/codes/wisconsin/2015/chapter-87/	87. Flood control.
https://law.justia.com/codes/wisconsin/2015/chapter-88/	88. Drainage of lands.
https://law.justia.com/codes/wisconsin/2015/chapter-89/	89. Veterinary examining board.
https://law.justia.com/codes/wisconsin/2015/chapter-90/	90. Fences.
https://law.justia.com/codes/wisconsin/2015/chapter-91/	91. Farmland preservation.
https://law.justia.com/codes/wisconsin/2015/chapter-92/	92. Soil and water conservation and animal waste management.
https://law.justia.com/codes/wisconsin/2015/chapter-93/	93. Department of agriculture, trade and consumer protection.
https://law.justia.com/codes/wisconsin/2015/chapter-94/	94. Plant industry.
https://law.justia.com/codes/wisconsin/2015/chapter-95/	95. Animal health.
https://law.justia.com/codes/wisconsin/2015/chapter-96/	96. Agricultural marketing act.
https://law.justia.com/codes/wisconsin/2015/chapter-97/	97. Food, lodging, and recreation.
https://law.justia.com/codes/wisconsin/2015/chapter-98/	98. Weights and measures.
https://law.justia.com/codes/wisconsin/2015/chapter-99/	99. Public warehouses.
https://law.justia.com/codes/wisconsin/2015/chapter-100/	100. Marketing; trade practices.
https://law.justia.com/codes/wisconsin/2015/chapter-101/	101. Department of safety and professional services — regulation of industry, buildings and safety.
https://law.justia.com/codes/wisconsin/2015/chapter-102/	102. Worker's compensation.
https://law.justia.com/codes/wisconsin/2015/chapter-103/	103. Employment regulations.
https://law.justia.com/codes/wisconsin/2015/chapter-104/	104. Minimum wage law.
https://law.justia.com/codes/wisconsin/2015/chapter-105/	105. Employment agents.
https://law.justia.com/codes/wisconsin/2015/chapter-106/	106. Apprentice, employment and equal rights programs.
https://law.justia.com/codes/wisconsin/2015/chapter-107/	107. Mining and metal recovery.
https://law.justia.com/codes/wisconsin/2015/chapter-108/	108. Unemployment insurance and reserves.
https://law.justia.com/codes/wisconsin/2015/chapter-109/	109. Wage payments, claims and collections.
https://law.justia.com/codes/wisconsin/2015/chapter-110/	110. Motor vehicles.
https://law.justia.com/codes/wisconsin/2015/chapter-111/	111. Employment relations.
https://law.justia.com/codes/wisconsin/2015/chapter-112/	112. Fiduciaries.
https://law.justia.com/codes/wisconsin/2015/chapter-113/	113. Uniform joint obligations act.
https://law.justia.com/codes/wisconsin/2015/chapter-114/	114. Aeronautics and astronautics.
https://law.justia.com/codes/wisconsin/2015/chapter-115/	115. State superintendent; general classifications and definitions; children with disabilities.
https://law.justia.com/codes/wisconsin/2015/chapter-116/	116. Cooperative educational service agencies.
https://law.justia.com/codes/wisconsin/2015/chapter-117/	117. School district reorganization.
https://law.justia.com/codes/wisconsin/2015/chapter-118/	118. General school operations.
https://law.justia.com/codes/wisconsin/2015/chapter-119/	119. First class city school system.
https://law.justia.com/codes/wisconsin/2015/chapter-120/	120. School district government.
https://law.justia.com/codes/wisconsin/2015/chapter-121/	121. School finance.
https://law.justia.com/codes/wisconsin/2015/chapter-125/	125. Alcohol beverages.
https://law.justia.com/codes/wisconsin/2015/chapter-126/	126. Agricultural producer security.
https://law.justia.com/codes/wisconsin/2015/chapter-128/	128. Creditors' actions.
https://law.justia.com/codes/wisconsin/2015/chapter-129/	129. Consignments of works of fine art.
https://law.justia.com/codes/wisconsin/2015/chapter-132/	132. Trademarks, badges and labeled products.
https://law.justia.com/codes/wisconsin/2015/chapter-133/	133. Trusts and monopolies.
https://law.justia.com/codes/wisconsin/2015/chapter-134/	134. Miscellaneous trade regulations.
https://law.justia.com/codes/wisconsin/2015/chapter-135/	135. Dealership practices.
https://law.justia.com/codes/wisconsin/2015/chapter-136/	136. Future service plans.
https://law.justia.com/codes/wisconsin/2015/chapter-137/	137. Authentications and electronic transactions and records.
https://law.justia.com/codes/wisconsin/2015/chapter-138/	138. Money and rates of interest.
https://law.justia.com/codes/wisconsin/2015/chapter-139/	139. Beverage, controlled substances and tobacco taxes.
https://law.justia.com/codes/wisconsin/2015/chapter-145/	145. Plumbing and fire protection systems and swimming pool plan review.
https://law.justia.com/codes/wisconsin/2015/chapter-146/	146. Miscellaneous health provisions.
https://law.justia.com/codes/wisconsin/2015/chapter-148/	148. Medical societies.
https://law.justia.com/codes/wisconsin/2015/chapter-150/	150. Regulation of health services.
https://law.justia.com/codes/wisconsin/2015/chapter-153/	153. Health care information.
https://law.justia.com/codes/wisconsin/2015/chapter-154/	154. Advance directives.
https://law.justia.com/codes/wisconsin/2015/chapter-155/	155. Power of attorney for health care.
https://law.justia.com/codes/wisconsin/2015/chapter-157/	157. Disposition of human remains.
https://law.justia.com/codes/wisconsin/2015/chapter-160/	160. Groundwater protection standards.
https://law.justia.com/codes/wisconsin/2015/chapter-164/	164. Law enforcement officers' bill of rights.
https://law.justia.com/codes/wisconsin/2015/chapter-165/	165. Department of justice.
https://law.justia.com/codes/wisconsin/2015/chapter-167/	167. Safeguards of persons and property.
https://law.justia.com/codes/wisconsin/2015/chapter-168/	168. Petroleum products and dangerous substances.
https://law.justia.com/codes/wisconsin/2015/chapter-169/	169. Captive wildlife.
https://law.justia.com/codes/wisconsin/2015/chapter-170/	170. Strays and lost chattels.
https://law.justia.com/codes/wisconsin/2015/chapter-171/	171. Unclaimed property.
https://law.justia.com/codes/wisconsin/2015/chapter-172/	172. Animals distrained or doing damage.
https://law.justia.com/codes/wisconsin/2015/chapter-173/	173. Animals; humane officers.
https://law.justia.com/codes/wisconsin/2015/chapter-174/	174. Dogs.
https://law.justia.com/codes/wisconsin/2015/chapter-175/	175. Miscellaneous police provisions.
https://law.justia.com/codes/wisconsin/2015/chapter-177/	177. Uniform unclaimed property act.
https://law.justia.com/codes/wisconsin/2015/chapter-178/	178. Uniform partnership act.
https://law.justia.com/codes/wisconsin/2015/chapter-179/	179. Uniform limited partnership act.
https://law.justia.com/codes/wisconsin/2015/chapter-180/	180. Business corporations.
https://law.justia.com/codes/wisconsin/2015/chapter-181/	181. Nonstock corporations.
https://law.justia.com/codes/wisconsin/2015/chapter-182/	182. Miscellaneous corporate provisions; turnpike corporations.
https://law.justia.com/codes/wisconsin/2015/chapter-183/	183. Limited liability companies.
https://law.justia.com/codes/wisconsin/2015/chapter-184/	184. Uniform unincorporated nonprofit association act.
https://law.justia.com/codes/wisconsin/2015/chapter-185/	185. Cooperatives.
https://law.justia.com/codes/wisconsin/2015/chapter-186/	186. Credit unions.
https://law.justia.com/codes/wisconsin/2015/chapter-187/	187. Religious societies.
https://law.justia.com/codes/wisconsin/2015/chapter-188/	188. Fraternal societies.
https://law.justia.com/codes/wisconsin/2015/chapter-189/	189. Office of the commissioner of railroads.
https://law.justia.com/codes/wisconsin/2015/chapter-190/	190. Railroads; organization and management.
https://law.justia.com/codes/wisconsin/2015/chapter-191/	191. Railroads; construction.
https://law.justia.com/codes/wisconsin/2015/chapter-192/	192. Railroads; regulations and liabilities.
https://law.justia.com/codes/wisconsin/2015/chapter-193/	193. Unincorporated cooperative associations.
https://law.justia.com/codes/wisconsin/2015/chapter-194/	194. Motor vehicle transportation.
https://law.justia.com/codes/wisconsin/2015/chapter-195/	195. Railroad and water carrier regulation.
https://law.justia.com/codes/wisconsin/2015/chapter-196/	196. Regulation of public utilities.
https://law.justia.com/codes/wisconsin/2015/chapter-197/	197. Municipal acquisition of utilities.
https://law.justia.com/codes/wisconsin/2015/chapter-198/	198. Municipal power and water districts.
https://law.justia.com/codes/wisconsin/2015/chapter-199/	199. Citizens utility board.
https://law.justia.com/codes/wisconsin/2015/chapter-200/	200. Metropolitan sewerage districts.
https://law.justia.com/codes/wisconsin/2015/chapter-201/	201. Securities of public service corporations.
https://law.justia.com/codes/wisconsin/2015/chapter-202/	202. Regulation of professional employer organizations and the solicitation of funds for a charitable purpose.
https://law.justia.com/codes/wisconsin/2015/chapter-213/	213. Police and fire fighting service.
https://law.justia.com/codes/wisconsin/2015/chapter-214/	214. Savings banks.
https://law.justia.com/codes/wisconsin/2015/chapter-215/	215. Savings and loan associations.
https://law.justia.com/codes/wisconsin/2015/chapter-216/	216. Investment associations.
https://law.justia.com/codes/wisconsin/2015/chapter-217/	217. Seller of checks.
https://law.justia.com/codes/wisconsin/2015/chapter-218/	218. Finance companies, auto dealers, adjustment companies and collection agencies.
https://law.justia.com/codes/wisconsin/2015/chapter-219/	219. Investments.
https://law.justia.com/codes/wisconsin/2015/chapter-220/	220. Banking.
https://law.justia.com/codes/wisconsin/2015/chapter-221/	221. State banks.
https://law.justia.com/codes/wisconsin/2015/chapter-222/	222. Universal banks.
https://law.justia.com/codes/wisconsin/2015/chapter-223/	223. Trust company banks and other fiduciaries.
https://law.justia.com/codes/wisconsin/2015/chapter-224/	224. Miscellaneous banking and financial institutions provisions.
https://law.justia.com/codes/wisconsin/2015/chapter-225/	225. Business development credit corporations.
https://law.justia.com/codes/wisconsin/2015/chapter-226/	226. Foreign corporations.
https://law.justia.com/codes/wisconsin/2015/chapter-227/	227. Administrative procedure and review.
https://law.justia.com/codes/wisconsin/2015/chapter-228/	228. Recording and copying of public records in populous counties.
https://law.justia.com/codes/wisconsin/2015/chapter-229/	229. Public institutions.
https://law.justia.com/codes/wisconsin/2015/chapter-230/	230. State employment relations.
https://law.justia.com/codes/wisconsin/2015/chapter-231/	231. Health and educational facilities authority.
https://law.justia.com/codes/wisconsin/2015/chapter-232/	232. Bradley center sports and entertainment corporation.
https://law.justia.com/codes/wisconsin/2015/chapter-233/	233. University of Wisconsin hospitals and clinics authority.
https://law.justia.com/codes/wisconsin/2015/chapter-234/	234. Wisconsin housing and economic development authority.
https://law.justia.com/codes/wisconsin/2015/chapter-236/	236. Platting lands and recording and vacating plats.
https://law.justia.com/codes/wisconsin/2015/chapter-237/	237. Fox river navigational system authority.
https://law.justia.com/codes/wisconsin/2015/chapter-238/	238. Wisconsin economic development corporation.
https://law.justia.com/codes/wisconsin/2015/chapter-240/	240. Fraudulent conveyances and contracts relating to real estate.
https://law.justia.com/codes/wisconsin/2015/chapter-241/	241. Fraudulent contracts.
https://law.justia.com/codes/wisconsin/2015/chapter-242/	242. Uniform fraudulent transfer act.
https://law.justia.com/codes/wisconsin/2015/chapter-243/	243. General provisions relating to fraudulent conveyances and contracts.
https://law.justia.com/codes/wisconsin/2015/chapter-244/	244. Uniform power of attorney for finances and property.
https://law.justia.com/codes/wisconsin/2015/chapter-247/	247. Wisconsin artistic endowment foundation.
https://law.justia.com/codes/wisconsin/2015/chapter-250/	250. Health; administration and supervision.
https://law.justia.com/codes/wisconsin/2015/chapter-251/	251. Local health officials.
https://law.justia.com/codes/wisconsin/2015/chapter-252/	252. Communicable diseases.
https://law.justia.com/codes/wisconsin/2015/chapter-253/	253. Maternal and child health.
https://law.justia.com/codes/wisconsin/2015/chapter-254/	254. Environmental health.
https://law.justia.com/codes/wisconsin/2015/chapter-255/	255. Chronic disease and injuries.
https://law.justia.com/codes/wisconsin/2015/chapter-256/	256. Emergency medical services.
https://law.justia.com/codes/wisconsin/2015/chapter-257/	257. Emergency volunteer health care practitioners.
https://law.justia.com/codes/wisconsin/2015/chapter-279/	279. Lower Fox river remediation authority.
https://law.justia.com/codes/wisconsin/2015/chapter-280/	280. Well drilling, heat exchange drilling, and pump installing
https://law.justia.com/codes/wisconsin/2015/chapter-281/	281. Water and sewage.
https://law.justia.com/codes/wisconsin/2015/chapter-283/	283. Pollution discharge elimination.
https://law.justia.com/codes/wisconsin/2015/chapter-285/	285. Air pollution.
https://law.justia.com/codes/wisconsin/2015/chapter-287/	287. Solid waste reduction, recovery and recycling.
https://law.justia.com/codes/wisconsin/2015/chapter-289/	289. Solid waste facilities.
https://law.justia.com/codes/wisconsin/2015/chapter-291/	291. Hazardous waste management.
https://law.justia.com/codes/wisconsin/2015/chapter-292/	292. Remedial action.
https://law.justia.com/codes/wisconsin/2015/chapter-293/	293. Nonferrous metallic mining.
https://law.justia.com/codes/wisconsin/2015/chapter-295/	295. Nonmetallic mining reclamation; oil and gas; ferrous metallic mining.
https://law.justia.com/codes/wisconsin/2015/chapter-299/	299. General environmental provisions.
https://law.justia.com/codes/wisconsin/2015/chapter-301/	301. Corrections.
https://law.justia.com/codes/wisconsin/2015/chapter-302/	302. Prisons; state, county and municipal.
https://law.justia.com/codes/wisconsin/2015/chapter-303/	303. Prison labor.
https://law.justia.com/codes/wisconsin/2015/chapter-304/	304. Paroles and pardons.
https://law.justia.com/codes/wisconsin/2015/chapter-321/	321. Department of military affairs.
https://law.justia.com/codes/wisconsin/2015/chapter-322/	322. Wisconsin code of military justice.
https://law.justia.com/codes/wisconsin/2015/chapter-323/	323. Emergency management.
https://law.justia.com/codes/wisconsin/2015/chapter-340/	340. Vehicles — general provisions.
https://law.justia.com/codes/wisconsin/2015/chapter-341/	341. Registration of vehicles.
https://law.justia.com/codes/wisconsin/2015/chapter-342/	342. Vehicle title and anti-theft law.
https://law.justia.com/codes/wisconsin/2015/chapter-343/	343. Operators' licenses.
https://law.justia.com/codes/wisconsin/2015/chapter-344/	344. Vehicles — financial responsibility.
https://law.justia.com/codes/wisconsin/2015/chapter-345/	345. Vehicles — civil and criminal liability.
https://law.justia.com/codes/wisconsin/2015/chapter-346/	346. Rules of the road.
https://law.justia.com/codes/wisconsin/2015/chapter-347/	347. Equipment of vehicles.
https://law.justia.com/codes/wisconsin/2015/chapter-348/	348. Vehicles — size, weight and load.
https://law.justia.com/codes/wisconsin/2015/chapter-349/	349. Vehicles — powers of state and local authorities.
https://law.justia.com/codes/wisconsin/2015/chapter-350/	350. Snowmobiles.
https://law.justia.com/codes/wisconsin/2015/chapter-351/	351. Habitual traffic offenders.
https://law.justia.com/codes/wisconsin/2015/chapter-401/	401. Uniform commercial code — general provisions.
https://law.justia.com/codes/wisconsin/2015/chapter-402/	402. Uniform commercial code — sales.
https://law.justia.com/codes/wisconsin/2015/chapter-403/	403. Uniform commercial code — negotiable instruments.
https://law.justia.com/codes/wisconsin/2015/chapter-404/	404. Uniform commercial code — bank deposits and collections.
https://law.justia.com/codes/wisconsin/2015/chapter-405/	405. Uniform commercial code — letters of credit.
https://law.justia.com/codes/wisconsin/2015/chapter-407/	407. Uniform commercial code — documents of title.
https://law.justia.com/codes/wisconsin/2015/chapter-408/	408. Uniform commercial code — investment securities.
https://law.justia.com/codes/wisconsin/2015/chapter-409/	409. Uniform commercial code — secured transactions.
https://law.justia.com/codes/wisconsin/2015/chapter-410/	410. Uniform commercial code — funds transfers.
https://law.justia.com/codes/wisconsin/2015/chapter-411/	411. Uniform commercial code — leases.
https://law.justia.com/codes/wisconsin/2015/chapter-421/	421. Consumer transactions — general provisions and definitions.
https://law.justia.com/codes/wisconsin/2015/chapter-422/	422. Consumer credit transactions.
https://law.justia.com/codes/wisconsin/2015/chapter-423/	423. Consumer approval transactions and other consumer rights.
https://law.justia.com/codes/wisconsin/2015/chapter-424/	424. Consumer transactions — insurance.
https://law.justia.com/codes/wisconsin/2015/chapter-425/	425. Consumer transactions — remedies and penalties.
https://law.justia.com/codes/wisconsin/2015/chapter-426/	426. Consumer transactions — administration.
https://law.justia.com/codes/wisconsin/2015/chapter-427/	427. Consumer transactions — debt collection.
https://law.justia.com/codes/wisconsin/2015/chapter-428/	428. First lien real estate and other mortgage loans.
https://law.justia.com/codes/wisconsin/2015/chapter-429/	429. Motor vehicle consumer leases.
https://law.justia.com/codes/wisconsin/2015/chapter-440/	440. Department of safety and professional services.
https://law.justia.com/codes/wisconsin/2015/chapter-441/	441. Board of nursing.
https://law.justia.com/codes/wisconsin/2015/chapter-442/	442. Accounting examining board.
https://law.justia.com/codes/wisconsin/2015/chapter-443/	443. Examining board of architects, landscape architects, professional engineers, designers, and professional land surveyors.
https://law.justia.com/codes/wisconsin/2015/chapter-444/	444. Regulation of boxing and mixed martial arts fighting.
https://law.justia.com/codes/wisconsin/2015/chapter-445/	445. Funeral directors.
https://law.justia.com/codes/wisconsin/2015/chapter-446/	446. Chiropractic examining board.
https://law.justia.com/codes/wisconsin/2015/chapter-447/	447. Dentistry examining board.
https://law.justia.com/codes/wisconsin/2015/chapter-448/	448. Medical practices.
https://law.justia.com/codes/wisconsin/2015/chapter-449/	449. Optometry examining board.
https://law.justia.com/codes/wisconsin/2015/chapter-450/	450. Pharmacy examining board.
https://law.justia.com/codes/wisconsin/2015/chapter-451/	451. Acupuncture.
https://law.justia.com/codes/wisconsin/2015/chapter-452/	452. Real estate practice.
https://law.justia.com/codes/wisconsin/2015/chapter-454/	454. Barbering and cosmetology.
https://law.justia.com/codes/wisconsin/2015/chapter-455/	455. Psychology examining board.
https://law.justia.com/codes/wisconsin/2015/chapter-456/	456. Nursing home administrator examining board.
https://law.justia.com/codes/wisconsin/2015/chapter-457/	457. Marriage and family therapy, professional counseling, and social work examining board.
https://law.justia.com/codes/wisconsin/2015/chapter-458/	458. Real estate appraisers board.
https://law.justia.com/codes/wisconsin/2015/chapter-459/	459. Hearing and speech examining board.
https://law.justia.com/codes/wisconsin/2015/chapter-460/	460. Massage therapy and bodywork therapy.
https://law.justia.com/codes/wisconsin/2015/chapter-462/	462. Radiographers and limited x-ray machine operators.
https://law.justia.com/codes/wisconsin/2015/chapter-463/	463. Body art and tanning facilities.
https://law.justia.com/codes/wisconsin/2015/chapter-470/	470. Examining board of professional geologists, hydrologists and soil scientists.
https://law.justia.com/codes/wisconsin/2015/chapter-480/	480. Auctioneer board.
https://law.justia.com/codes/wisconsin/2015/chapter-551/	551. Wisconsin uniform securities law.
https://law.justia.com/codes/wisconsin/2015/chapter-552/	552. Corporate take-over law.
https://law.justia.com/codes/wisconsin/2015/chapter-553/	553. Wisconsin franchise investment law.
https://law.justia.com/codes/wisconsin/2015/chapter-562/	562. Regulation of racing and on-track pari-mutuel wagering.
https://law.justia.com/codes/wisconsin/2015/chapter-563/	563. Bingo and raffle control.
https://law.justia.com/codes/wisconsin/2015/chapter-565/	565. State lottery.
https://law.justia.com/codes/wisconsin/2015/chapter-569/	569. Indian gaming.
https://law.justia.com/codes/wisconsin/2015/chapter-600/	600. Insurance — general provisions.
https://law.justia.com/codes/wisconsin/2015/chapter-601/	601. Insurance — administration.
https://law.justia.com/codes/wisconsin/2015/chapter-604/	604. State insurance funds; general principles.
https://law.justia.com/codes/wisconsin/2015/chapter-605/	605. Local government property insurance fund.
https://law.justia.com/codes/wisconsin/2015/chapter-607/	607. State life insurance fund.
https://law.justia.com/codes/wisconsin/2015/chapter-609/	609. Defined network plans.
https://law.justia.com/codes/wisconsin/2015/chapter-610/	610. Insurers in general.
https://law.justia.com/codes/wisconsin/2015/chapter-611/	611. Domestic stock and mutual insurance corporations.
https://law.justia.com/codes/wisconsin/2015/chapter-612/	612. Town mutuals.
https://law.justia.com/codes/wisconsin/2015/chapter-613/	613. Service insurance corporations.
https://law.justia.com/codes/wisconsin/2015/chapter-614/	614. Insurance — fraternals.
https://law.justia.com/codes/wisconsin/2015/chapter-616/	616. Miscellaneous insurers.
https://law.justia.com/codes/wisconsin/2015/chapter-617/	617. Regulation of insurance holding companies and intercorporate transactions relating to insurers.
https://law.justia.com/codes/wisconsin/2015/chapter-618/	618. Nondomestic insurers.
https://law.justia.com/codes/wisconsin/2015/chapter-619/	619. Risk-sharing plans.
https://law.justia.com/codes/wisconsin/2015/chapter-620/	620. Insurance — investments.
https://law.justia.com/codes/wisconsin/2015/chapter-622/	622. Own risk and solvency assessment.
https://law.justia.com/codes/wisconsin/2015/chapter-623/	623. Insurance — accounting and reserves.
https://law.justia.com/codes/wisconsin/2015/chapter-625/	625. Insurance — rate regulation.
https://law.justia.com/codes/wisconsin/2015/chapter-626/	626. Rate regulation in worker's compensation insurance.
https://law.justia.com/codes/wisconsin/2015/chapter-627/	627. Underwriting restrictions.
https://law.justia.com/codes/wisconsin/2015/chapter-628/	628. Insurance marketing.
https://law.justia.com/codes/wisconsin/2015/chapter-630/	630. General public policy provisions applicable to insurers and others.
https://law.justia.com/codes/wisconsin/2015/chapter-631/	631. Insurance contracts generally.
https://law.justia.com/codes/wisconsin/2015/chapter-632/	632. Insurance contracts in specific lines.
https://law.justia.com/codes/wisconsin/2015/chapter-633/	633. Employee benefit plan administrators and principals.
https://law.justia.com/codes/wisconsin/2015/chapter-635/	635. Small employer health insurance.
https://law.justia.com/codes/wisconsin/2015/chapter-644/	644. Domestic mutual insurance holding companies.
https://law.justia.com/codes/wisconsin/2015/chapter-645/	645. Insurers rehabilitation and liquidation.
https://law.justia.com/codes/wisconsin/2015/chapter-646/	646. Insurance security fund.
https://law.justia.com/codes/wisconsin/2015/chapter-647/	647. Continuing care contracts.
https://law.justia.com/codes/wisconsin/2015/chapter-648/	648. Regulation of care management organizations.
https://law.justia.com/codes/wisconsin/2015/chapter-655/	655. Health care liability and injured patients and families compensation.
https://law.justia.com/codes/wisconsin/2015/chapter-700/	700. Interests in property.
https://law.justia.com/codes/wisconsin/2015/chapter-701/	701. Trusts.
https://law.justia.com/codes/wisconsin/2015/chapter-702/	702. Powers of appointment.
https://law.justia.com/codes/wisconsin/2015/chapter-703/	703. Condominiums.
https://law.justia.com/codes/wisconsin/2015/chapter-704/	704. Landlord and tenant.
https://law.justia.com/codes/wisconsin/2015/chapter-705/	705. Multiple-party and agency accounts; nonprobate transfers at death; transfer on death security registration.
https://law.justia.com/codes/wisconsin/2015/chapter-706/	706. Conveyances of real property; recording; titles.
https://law.justia.com/codes/wisconsin/2015/chapter-707/	707. Time-share ownership.
https://law.justia.com/codes/wisconsin/2015/chapter-708/	708. Mortgages and land contracts.
https://law.justia.com/codes/wisconsin/2015/chapter-709/	709. Disclosures by owners of real estate.
https://law.justia.com/codes/wisconsin/2015/chapter-710/	710. Miscellaneous property provisions.
https://law.justia.com/codes/wisconsin/2015/chapter-750/	750. Court of impeachment.
https://law.justia.com/codes/wisconsin/2015/chapter-751/	751. Supreme court.
https://law.justia.com/codes/wisconsin/2015/chapter-752/	752. Court of appeals.
https://law.justia.com/codes/wisconsin/2015/chapter-753/	753. Circuit courts.
https://law.justia.com/codes/wisconsin/2015/chapter-755/	755. Municipal court.
https://law.justia.com/codes/wisconsin/2015/chapter-756/	756. Juries.
https://law.justia.com/codes/wisconsin/2015/chapter-757/	757. General provisions concerning courts of record, judges, attorneys and clerks.
https://law.justia.com/codes/wisconsin/2015/chapter-758/	758. Judicial branch agencies and committees.
https://law.justia.com/codes/wisconsin/2015/chapter-765/	765. Marriage.
https://law.justia.com/codes/wisconsin/2015/chapter-766/	766. Property rights of married persons; marital property.
https://law.justia.com/codes/wisconsin/2015/chapter-767/	767. Actions affecting the family.
https://law.justia.com/codes/wisconsin/2015/chapter-768/	768. Actions abolished.
https://law.justia.com/codes/wisconsin/2015/chapter-769/	769. Uniform interstate family support act.
https://law.justia.com/codes/wisconsin/2015/chapter-770/	770. Domestic partnership.
https://law.justia.com/codes/wisconsin/2015/chapter-775/	775. Actions against state.
https://law.justia.com/codes/wisconsin/2015/chapter-778/	778. Collection of forfeitures.
https://law.justia.com/codes/wisconsin/2015/chapter-779/	779. Liens.
https://law.justia.com/codes/wisconsin/2015/chapter-780/	780. Liens against vessels.
https://law.justia.com/codes/wisconsin/2015/chapter-781/	781. Extraordinary remedies.
https://law.justia.com/codes/wisconsin/2015/chapter-782/	782. Habeas corpus.
https://law.justia.com/codes/wisconsin/2015/chapter-783/	783. Mandamus and prohibition.
https://law.justia.com/codes/wisconsin/2015/chapter-784/	784. Quo warranto.
https://law.justia.com/codes/wisconsin/2015/chapter-785/	785. Contempt of court.
https://law.justia.com/codes/wisconsin/2015/chapter-786/	786. Disposition of lands of wards; specific performance; change of names; establish heirships.
https://law.justia.com/codes/wisconsin/2015/chapter-788/	788. Arbitration.
https://law.justia.com/codes/wisconsin/2015/chapter-799/	799. Procedure in small claims actions.
https://law.justia.com/codes/wisconsin/2015/chapter-800/	800. Municipal court procedure.
https://law.justia.com/codes/wisconsin/2015/chapter-801/	801. Civil procedure — commencement of action and venue.
https://law.justia.com/codes/wisconsin/2015/chapter-802/	802. Civil procedure — pleadings, motions and pretrial practice.
https://law.justia.com/codes/wisconsin/2015/chapter-803/	803. Civil procedure — parties.
https://law.justia.com/codes/wisconsin/2015/chapter-804/	804. Civil procedure — depositions and discovery.
https://law.justia.com/codes/wisconsin/2015/chapter-805/	805. Civil procedure — trials.
https://law.justia.com/codes/wisconsin/2015/chapter-806/	806. Civil procedure — judgment.
https://law.justia.com/codes/wisconsin/2015/chapter-807/	807. Civil procedure — miscellaneous provisions.
https://law.justia.com/codes/wisconsin/2015/chapter-808/	808. Appeals and writs of error.
https://law.justia.com/codes/wisconsin/2015/chapter-809/	809. Rules of appellate procedure.
https://law.justia.com/codes/wisconsin/2015/chapter-810/	810. Replevin.
https://law.justia.com/codes/wisconsin/2015/chapter-811/	811. Attachment.
https://law.justia.com/codes/wisconsin/2015/chapter-812/	812. Garnishment.
https://law.justia.com/codes/wisconsin/2015/chapter-813/	813. Injunctions, ne exeat and receivers.
https://law.justia.com/codes/wisconsin/2015/chapter-814/	814. Court costs, fees, and surcharges.
https://law.justia.com/codes/wisconsin/2015/chapter-815/	815. Executions.
https://law.justia.com/codes/wisconsin/2015/chapter-816/	816. Remedies supplementary to execution.
https://law.justia.com/codes/wisconsin/2015/chapter-818/	818. Arrest and bail.
https://law.justia.com/codes/wisconsin/2015/chapter-820/	820. Partition of personal property.
https://law.justia.com/codes/wisconsin/2015/chapter-821/	821. Uniform certification of questions of law rule.
https://law.justia.com/codes/wisconsin/2015/chapter-822/	822. Uniform child custody jurisdiction and enforcement act.
https://law.justia.com/codes/wisconsin/2015/chapter-823/	823. Nuisances.
https://law.justia.com/codes/wisconsin/2015/chapter-840/	840. Real property actions; general provisions.
https://law.justia.com/codes/wisconsin/2015/chapter-841/	841. Declaration of interest in real property.
https://law.justia.com/codes/wisconsin/2015/chapter-842/	842. Partition of interest in real property.
https://law.justia.com/codes/wisconsin/2015/chapter-843/	843. Actions for possession of real property; damages for withholding.
https://law.justia.com/codes/wisconsin/2015/chapter-844/	844. Interference with interest; physical injury.
https://law.justia.com/codes/wisconsin/2015/chapter-846/	846. Real estate foreclosure.
https://law.justia.com/codes/wisconsin/2015/chapter-847/	847. Miscellaneous real estate actions.
https://law.justia.com/codes/wisconsin/2015/chapter-851/	851. Probate — definitions and general provisions.
https://law.justia.com/codes/wisconsin/2015/chapter-852/	852. Intestate succession.
https://law.justia.com/codes/wisconsin/2015/chapter-853/	853. Wills.
https://law.justia.com/codes/wisconsin/2015/chapter-854/	854. Transfers at death — general rules.
https://law.justia.com/codes/wisconsin/2015/chapter-856/	856. Opening estates.
https://law.justia.com/codes/wisconsin/2015/chapter-857/	857. Powers and duties of personal representatives.
https://law.justia.com/codes/wisconsin/2015/chapter-858/	858. Probate — inventory.
https://law.justia.com/codes/wisconsin/2015/chapter-859/	859. Probate — claims.
https://law.justia.com/codes/wisconsin/2015/chapter-860/	860. Probate — sale, mortgage and lease of property.
https://law.justia.com/codes/wisconsin/2015/chapter-861/	861. Probate — family rights.
https://law.justia.com/codes/wisconsin/2015/chapter-862/	862. Probate — accounts.
https://law.justia.com/codes/wisconsin/2015/chapter-863/	863. Closing estates.
https://law.justia.com/codes/wisconsin/2015/chapter-865/	865. Probate — informal administration.
https://law.justia.com/codes/wisconsin/2015/chapter-867/	867. Probate — summary procedures.
https://law.justia.com/codes/wisconsin/2015/chapter-868/	868. Probate — ancillary procedures.
https://law.justia.com/codes/wisconsin/2015/chapter-877/	877. Actions by and against personal representatives, heirs, and legatees.
https://law.justia.com/codes/wisconsin/2015/chapter-878/	878. Probate bonds.
https://law.justia.com/codes/wisconsin/2015/chapter-879/	879. Probate — notice, appearance, appeal and miscellaneous procedure.
https://law.justia.com/codes/wisconsin/2015/chapter-881/	881. Trust fund investments.
https://law.justia.com/codes/wisconsin/2015/chapter-882/	882. Adoption of adults.
https://law.justia.com/codes/wisconsin/2015/chapter-885/	885. Witnesses and oral testimony.
https://law.justia.com/codes/wisconsin/2015/chapter-887/	887. Depositions, oaths and affidavits.
https://law.justia.com/codes/wisconsin/2015/chapter-889/	889. Documentary and record evidence.
https://law.justia.com/codes/wisconsin/2015/chapter-891/	891. Presumptions.
https://law.justia.com/codes/wisconsin/2015/chapter-893/	893. Limitations of commencement of actions and proceedings and procedure for claims against governmental units.
https://law.justia.com/codes/wisconsin/2015/chapter-895/	895. Damages, liability, and miscellaneous provisions regarding actions in courts.
https://law.justia.com/codes/wisconsin/2015/chapter-898/	898. Persons in jail on civil process.
https://law.justia.com/codes/wisconsin/2015/chapter-901/	901. Evidence — general provisions.
https://law.justia.com/codes/wisconsin/2015/chapter-902/	902. Evidence — judicial notice.
https://law.justia.com/codes/wisconsin/2015/chapter-903/	903. Evidence — presumptions.
https://law.justia.com/codes/wisconsin/2015/chapter-904/	904. Evidence — relevancy and its limits.
https://law.justia.com/codes/wisconsin/2015/chapter-905/	905. Evidence — privileges.
https://law.justia.com/codes/wisconsin/2015/chapter-906/	906. Evidence — witnesses.
https://law.justia.com/codes/wisconsin/2015/chapter-907/	907. Evidence — opinions and expert testimony.
https://law.justia.com/codes/wisconsin/2015/chapter-908/	908. Evidence — hearsay.
https://law.justia.com/codes/wisconsin/2015/chapter-909/	909. Evidence — authentication and identification.
https://law.justia.com/codes/wisconsin/2015/chapter-910/	910. Evidence — contents of writings, recordings and photographs.
https://law.justia.com/codes/wisconsin/2015/chapter-911/	911. Evidence — miscellaneous rules.
https://law.justia.com/codes/wisconsin/2015/chapter-938/	938. Juvenile justice code.
https://law.justia.com/codes/wisconsin/2015/chapter-939/	939. Crimes — general provisions.
https://law.justia.com/codes/wisconsin/2015/chapter-940/	940. Crimes against life and bodily security.
https://law.justia.com/codes/wisconsin/2015/chapter-941/	941. Crimes against public health and safety.
https://law.justia.com/codes/wisconsin/2015/chapter-942/	942. Crimes against reputation, privacy and civil liberties.
https://law.justia.com/codes/wisconsin/2015/chapter-943/	943. Crimes against property.
https://law.justia.com/codes/wisconsin/2015/chapter-944/	944. Crimes against sexual morality.
https://law.justia.com/codes/wisconsin/2015/chapter-945/	945. Gambling.
https://law.justia.com/codes/wisconsin/2015/chapter-946/	946. Crimes against government and its administration.
https://law.justia.com/codes/wisconsin/2015/chapter-947/	947. Crimes against public peace, order and other interests.
https://law.justia.com/codes/wisconsin/2015/chapter-948/	948. Crimes against children.
https://law.justia.com/codes/wisconsin/2015/chapter-949/	949. Awards for the victims of crimes.
https://law.justia.com/codes/wisconsin/2015/chapter-950/	950. Rights of victims and witnesses of crime.
https://law.justia.com/codes/wisconsin/2015/chapter-951/	951. Crimes against animals.
https://law.justia.com/codes/wisconsin/2015/chapter-961/	961. Uniform controlled substances act.
https://law.justia.com/codes/wisconsin/2015/chapter-967/	967. Criminal procedure — general provisions.
https://law.justia.com/codes/wisconsin/2015/chapter-968/	968. Commencement of criminal proceedings.
https://law.justia.com/codes/wisconsin/2015/chapter-969/	969. Bail and other conditions of release.
https://law.justia.com/codes/wisconsin/2015/chapter-970/	970. Criminal procedure — preliminary proceedings.
https://law.justia.com/codes/wisconsin/2015/chapter-971/	971. Criminal procedure — proceedings before and at trial.
https://law.justia.com/codes/wisconsin/2015/chapter-972/	972. Criminal trials.
https://law.justia.com/codes/wisconsin/2015/chapter-973/	973. Sentencing.
https://law.justia.com/codes/wisconsin/2015/chapter-974/	974. Criminal procedure — appeals, new trials and writs of error.
https://law.justia.com/codes/wisconsin/2015/chapter-975/	975. Sex crimes law.
https://law.justia.com/codes/wisconsin/2015/chapter-976/	976. Uniform acts in criminal proceedings.
https://law.justia.com/codes/wisconsin/2015/chapter-977/	977. State public defender.
https://law.justia.com/codes/wisconsin/2015/chapter-978/	978. District attorneys.
https://law.justia.com/codes/wisconsin/2015/chapter-979/	979. Investigation of deaths.
https://law.justia.com/codes/wisconsin/2015/chapter-980/	980. Sexually violent person commitments.
https://law.justia.com/codes/wisconsin/2015/chapter-985/	985. Publication of legal notices; public newspapers; fees.
https://law.justia.com/codes/wisconsin/2015/chapter-990/	990. Construction of statutes.
https://law.justia.com/codes/wisconsin/2015/chapter-991/	991. Acts and statutes — effective date, numbering, citation and repeal.
https://law.justia.com/codes/wisconsin/2015/chapter-992/	992. Curative acts.
https://law.justia.com/codes/wisconsin/2015/chapter-995/	995. Miscellaneous statutes.