https://law.justia.com/codes/north-carolina/2010/chapter1/	Chapter 1 Civil Procedure.
https://law.justia.com/codes/north-carolina/2010/chapter1a/	Chapter 1A Rules of Civil Procedure.
https://law.justia.com/codes/north-carolina/2010/chapter1b/	Chapter 1B Contribution.
https://law.justia.com/codes/north-carolina/2010/chapter1c/	Chapter 1C Enforcement of Judgments.
https://law.justia.com/codes/north-carolina/2010/chapter1d/	Chapter 1D Punitive Damages.
https://law.justia.com/codes/north-carolina/2010/chapter1e/	Chapter 1E Eastern Band of Cherokee Indians.
https://law.justia.com/codes/north-carolina/2010/chapter2/	Chapter 2 Clerk of Superior Court [Repealed and Transferred.]
https://law.justia.com/codes/north-carolina/2010/chapter3/	Chapter 3 Commissioners of Affidavits and Deeds [Repealed.]
https://law.justia.com/codes/north-carolina/2010/chapter4/	Chapter 4 Common Law.
https://law.justia.com/codes/north-carolina/2010/chapter5/	Chapter 5 Contempt [Repealed.]
https://law.justia.com/codes/north-carolina/2010/chapter5a/	Chapter 5A Contempt.
https://law.justia.com/codes/north-carolina/2010/chapter6/	Chapter 6 Liability for Court Costs.
https://law.justia.com/codes/north-carolina/2010/chapter7/	Chapter 7 Courts [Repealed and Transferred.]
https://law.justia.com/codes/north-carolina/2010/chapter7a/	Chapter 7A Judicial Department.
https://law.justia.com/codes/north-carolina/2010/chapter7b/	Chapter 7B Juvenile Code.
https://law.justia.com/codes/north-carolina/2010/chapter8/	Chapter 8 Evidence.
https://law.justia.com/codes/north-carolina/2010/chapter8a/	Chapter 8A Interpreters for Deaf Persons [Recodified.]
https://law.justia.com/codes/north-carolina/2010/chapter8b/	Chapter 8B Interpreters for Deaf Persons.
https://law.justia.com/codes/north-carolina/2010/chapter8c/	Chapter 8C Evidence Code.
https://law.justia.com/codes/north-carolina/2010/chapter9/	Chapter 9 Jurors.
https://law.justia.com/codes/north-carolina/2010/chapter10/	Chapter 10 Notaries [Repealed.]
https://law.justia.com/codes/north-carolina/2010/chapter10a/	Chapter 10A Notaries [Recodified.]
https://law.justia.com/codes/north-carolina/2010/chapter10b/	Chapter 10B Notaries.
https://law.justia.com/codes/north-carolina/2010/chapter11/	Chapter 11 Oaths.
https://law.justia.com/codes/north-carolina/2010/chapter12/	Chapter 12 Statutory Construction.
https://law.justia.com/codes/north-carolina/2010/chapter13/	Chapter 13 Citizenship Restored.
https://law.justia.com/codes/north-carolina/2010/chapter14/	Chapter 14 Criminal Law.
https://law.justia.com/codes/north-carolina/2010/chapter15/	Chapter 15 Criminal Procedure.
https://law.justia.com/codes/north-carolina/2010/chapter15a/	Chapter 15A Criminal Procedure Act.
https://law.justia.com/codes/north-carolina/2010/chapter15b/	Chapter 15B Victims Compensation.
https://law.justia.com/codes/north-carolina/2010/chapter15c/	Chapter 15C Address Confidentiality Program.
https://law.justia.com/codes/north-carolina/2010/chapter16/	Chapter 16 Gaming Contracts and Futures.
https://law.justia.com/codes/north-carolina/2010/chapter17/	Chapter 17 Habeas Corpus.
https://law.justia.com/codes/north-carolina/2010/chapter17a/	Chapter 17A Law-Enforcement Officers [Recodified.]
https://law.justia.com/codes/north-carolina/2010/chapter17b/	Chapter 17B North Carolina Criminal Justice Education and Training System [Recodified.]
https://law.justia.com/codes/north-carolina/2010/chapter17c/	Chapter 17C North Carolina Criminal Justice Education and Training Standards Commission.
https://law.justia.com/codes/north-carolina/2010/chapter17d/	Chapter 17D North Carolina Justice Academy.
https://law.justia.com/codes/north-carolina/2010/chapter17e/	Chapter 17E North Carolina Sheriffs' Education and Training Standards Commission.
https://law.justia.com/codes/north-carolina/2010/chapter18/	Chapter 18 Regulation of Intoxicating Liquors [Repealed.]
https://law.justia.com/codes/north-carolina/2010/chapter18a/	Chapter 18A Regulation of Intoxicating Liquors [Repealed.]
https://law.justia.com/codes/north-carolina/2010/chapter18b/	Chapter 18B Regulation of Alcoholic Beverages.
https://law.justia.com/codes/north-carolina/2010/chapter18c/	Chapter 18C North Carolina State Lottery.
https://law.justia.com/codes/north-carolina/2010/chapter19/	Chapter 19 Offenses Against Public Morals.
https://law.justia.com/codes/north-carolina/2010/chapter19a/	Chapter 19A Protection of Animals.
https://law.justia.com/codes/north-carolina/2010/chapter20/	Chapter 20 Motor Vehicles.
https://law.justia.com/codes/north-carolina/2010/chapter21/	Chapter 21 Bills of Lading.
https://law.justia.com/codes/north-carolina/2010/chapter22/	Chapter 22 Contracts Requiring Writing.
https://law.justia.com/codes/north-carolina/2010/chapter22a/	Chapter 22A Signatures.
https://law.justia.com/codes/north-carolina/2010/chapter22b/	Chapter 22B Contracts Against Public Policy.
https://law.justia.com/codes/north-carolina/2010/chapter22c/	Chapter 22C Payments to Subcontractors.
https://law.justia.com/codes/north-carolina/2010/chapter23/	Chapter 23 Debtor and Creditor.
https://law.justia.com/codes/north-carolina/2010/chapter24/	Chapter 24 Interest.
https://law.justia.com/codes/north-carolina/2010/chapter25/	Chapter 25 Uniform Commercial Code.
https://law.justia.com/codes/north-carolina/2010/chapter25a/	Chapter 25A Retail Installment Sales Act.
https://law.justia.com/codes/north-carolina/2010/chapter25b/	Chapter 25B Credit.
https://law.justia.com/codes/north-carolina/2010/chapter25c/	Chapter 25C Sales of Artwork.
https://law.justia.com/codes/north-carolina/2010/chapter26/	Chapter 26 Suretyship.
https://law.justia.com/codes/north-carolina/2010/chapter27/	Chapter 27 Warehouse Receipts [Repealed.]
https://law.justia.com/codes/north-carolina/2010/chapter28/	Chapter 28 Administration [Repealed.]
https://law.justia.com/codes/north-carolina/2010/chapter28a/	Chapter 28A Administration of Decedents' Estates.
https://law.justia.com/codes/north-carolina/2010/chapter28b/	Chapter 28B Estates of Absentees in Military Service.
https://law.justia.com/codes/north-carolina/2010/chapter28c/	Chapter 28C Estates of Missing Persons.
https://law.justia.com/codes/north-carolina/2010/chapter29/	Chapter 29 Intestate Succession.
https://law.justia.com/codes/north-carolina/2010/chapter30/	Chapter 30 Surviving Spouses.
https://law.justia.com/codes/north-carolina/2010/chapter31/	Chapter 31 Wills.
https://law.justia.com/codes/north-carolina/2010/chapter31a/	Chapter 31A Acts Barring Property Rights.
https://law.justia.com/codes/north-carolina/2010/chapter31b/	Chapter 31B Renunciation of Property and Renunciation of Fiduciary Powers Act.
https://law.justia.com/codes/north-carolina/2010/chapter31c/	Chapter 31C Uniform Disposition of Community Property Rights at Death Act.
https://law.justia.com/codes/north-carolina/2010/chapter32/	Chapter 32 Fiduciaries.
https://law.justia.com/codes/north-carolina/2010/chapter32a/	Chapter 32A Powers of Attorney.
https://law.justia.com/codes/north-carolina/2010/chapter33/	Chapter 33 Guardian and Ward [Repealed and Recodified.]
https://law.justia.com/codes/north-carolina/2010/chapter33a/	Chapter 33A North Carolina Uniform Transfers to Minors Act.
https://law.justia.com/codes/north-carolina/2010/chapter33b/	Chapter 33B North Carolina Uniform Custodial Trust Act.
https://law.justia.com/codes/north-carolina/2010/chapter34/	Chapter 34 Veterans' Guardianship Act.
https://law.justia.com/codes/north-carolina/2010/chapter35/	Chapter 35 Sterilization Procedures.
https://law.justia.com/codes/north-carolina/2010/chapter35a/	Chapter 35A Incompetency and Guardianship.
https://law.justia.com/codes/north-carolina/2010/chapter36/	Chapter 36 Trusts and Trustees [Repealed.]
https://law.justia.com/codes/north-carolina/2010/chapter36a/	Chapter 36A Trusts and Trustees.
https://law.justia.com/codes/north-carolina/2010/chapter36b/	Chapter 36B Uniform Management of Institutional Funds Act [Repealed.]
https://law.justia.com/codes/north-carolina/2010/chapter36c/	Chapter 36C North Carolina Uniform Trust Code.
https://law.justia.com/codes/north-carolina/2010/chapter36d/	Chapter 36D North Carolina Community Third Party Trusts, Pooled Trusts.
https://law.justia.com/codes/north-carolina/2010/chapter36e/	Chapter 36E Uniform Prudent Management of Institutional Funds Act.
https://law.justia.com/codes/north-carolina/2010/chapter37/	Chapter 37 Allocation of Principal and Income [Repealed.]
https://law.justia.com/codes/north-carolina/2010/chapter37a/	Chapter 37A Uniform Principal and Income Act.
https://law.justia.com/codes/north-carolina/2010/chapter38/	Chapter 38 Boundaries.
https://law.justia.com/codes/north-carolina/2010/chapter38a/	Chapter 38A Landowner Liability.
https://law.justia.com/codes/north-carolina/2010/chapter39/	Chapter 39 Conveyances.
https://law.justia.com/codes/north-carolina/2010/chapter39a/	Chapter 39A Transfer Fee Covenants Prohibited.
https://law.justia.com/codes/north-carolina/2010/chapter40/	Chapter 40 Eminent Domain [Repealed.]
https://law.justia.com/codes/north-carolina/2010/chapter40a/	Chapter 40A Eminent Domain.
https://law.justia.com/codes/north-carolina/2010/chapter41/	Chapter 41 Estates.
https://law.justia.com/codes/north-carolina/2010/chapter41a/	Chapter 41A State Fair Housing Act.
https://law.justia.com/codes/north-carolina/2010/chapter42/	Chapter 42 Landlord and Tenant.
https://law.justia.com/codes/north-carolina/2010/chapter42a/	Chapter 42A Vacation Rental Act.
https://law.justia.com/codes/north-carolina/2010/chapter43/	Chapter 43 Land Registration.
https://law.justia.com/codes/north-carolina/2010/chapter44/	Chapter 44 Liens.
https://law.justia.com/codes/north-carolina/2010/chapter44a/	Chapter 44A Statutory Liens and Charges.
https://law.justia.com/codes/north-carolina/2010/chapter45/	Chapter 45 Mortgages and Deeds of Trust.
https://law.justia.com/codes/north-carolina/2010/chapter45a/	Chapter 45A Good Funds Settlement Act.
https://law.justia.com/codes/north-carolina/2010/chapter46/	Chapter 46 Partition.
https://law.justia.com/codes/north-carolina/2010/chapter47/	Chapter 47 Probate and Registration.
https://law.justia.com/codes/north-carolina/2010/chapter47a/	Chapter 47A Unit Ownership.
https://law.justia.com/codes/north-carolina/2010/chapter47b/	Chapter 47B Real Property Marketable Title Act.
https://law.justia.com/codes/north-carolina/2010/chapter47c/	Chapter 47C North Carolina Condominium Act.
https://law.justia.com/codes/north-carolina/2010/chapter47d/	Chapter 47D Notice of Settlement Act [Expired.]
https://law.justia.com/codes/north-carolina/2010/chapter47e/	Chapter 47E Residential Property Disclosure Act.
https://law.justia.com/codes/north-carolina/2010/chapter47f/	Chapter 47F North Carolina Planned Community Act.
https://law.justia.com/codes/north-carolina/2010/chapter47g/	Chapter 47G Option to Purchase Contracts Executed With Lease Agreements.
https://law.justia.com/codes/north-carolina/2010/chapter47h/	Chapter 47H Contracts for Deed.
https://law.justia.com/codes/north-carolina/2010/chapter48/	Chapter 48 Adoptions.
https://law.justia.com/codes/north-carolina/2010/chapter48a/	Chapter 48A Minors.
https://law.justia.com/codes/north-carolina/2010/chapter49/	Chapter 49 Bastardy.
https://law.justia.com/codes/north-carolina/2010/chapter49a/	Chapter 49A Rights of Children.
https://law.justia.com/codes/north-carolina/2010/chapter50/	Chapter 50 Divorce and Alimony.
https://law.justia.com/codes/north-carolina/2010/chapter50a/	Chapter 50A Uniform Child-Custody Jurisdiction and Enforcement Act.
https://law.justia.com/codes/north-carolina/2010/chapter50b/	Chapter 50B Domestic Violence.
https://law.justia.com/codes/north-carolina/2010/chapter50c/	Chapter 50C Civil No-Contact Orders.
https://law.justia.com/codes/north-carolina/2010/chapter51/	Chapter 51 Marriage.
https://law.justia.com/codes/north-carolina/2010/chapter52/	Chapter 52 Powers and Liabilities of Married Persons.
https://law.justia.com/codes/north-carolina/2010/chapter52a/	Chapter 52A Uniform Reciprocal Enforcement of Support Act [Repealed.]
https://law.justia.com/codes/north-carolina/2010/chapter52b/	Chapter 52B Uniform Premarital Agreement Act.
https://law.justia.com/codes/north-carolina/2010/chapter52c/	Chapter 52C Uniform Interstate Family Support Act.
https://law.justia.com/codes/north-carolina/2010/chapter53/	Chapter 53 Banks.
https://law.justia.com/codes/north-carolina/2010/chapter53a/	Chapter 53A Business Development Corporations and North Carolina Capital Resource Corporations.
https://law.justia.com/codes/north-carolina/2010/chapter53b/	Chapter 53B Financial Privacy Act.
https://law.justia.com/codes/north-carolina/2010/chapter54/	Chapter 54 Cooperative Organizations.
https://law.justia.com/codes/north-carolina/2010/chapter54a/	Chapter 54A Capital Stock Savings and Loan Associations [Repealed.]
https://law.justia.com/codes/north-carolina/2010/chapter54b/	Chapter 54B Savings and Loan Associations.
https://law.justia.com/codes/north-carolina/2010/chapter54c/	Chapter 54C Savings Banks.
https://law.justia.com/codes/north-carolina/2010/chapter55/	Chapter 55 North Carolina Business Corporation Act.
https://law.justia.com/codes/north-carolina/2010/chapter55a/	Chapter 55A North Carolina Nonprofit Corporation Act.
https://law.justia.com/codes/north-carolina/2010/chapter55b/	Chapter 55B Professional Corporation Act.
https://law.justia.com/codes/north-carolina/2010/chapter55c/	Chapter 55C Foreign Trade Zones.
https://law.justia.com/codes/north-carolina/2010/chapter55d/	Chapter 55D Filings, Names, and Registered Agents for Corporations, Nonprofit Corporations, and Partnerships.
https://law.justia.com/codes/north-carolina/2010/chapter56/	Chapter 56 Electric, Telegraph and Power Companies [Repealed.]
https://law.justia.com/codes/north-carolina/2010/chapter57/	Chapter 57 Hospital, Medical and Dental Service Corporations [Recodified.]
https://law.justia.com/codes/north-carolina/2010/chapter57a/	Chapter 57A Health Maintenance Organization Act [Recodified.]
https://law.justia.com/codes/north-carolina/2010/chapter57b/	Chapter 57B Health Maintenance Organization Act [Recodified.]
https://law.justia.com/codes/north-carolina/2010/chapter57c/	Chapter 57C North Carolina Limited Liability Company Act.
https://law.justia.com/codes/north-carolina/2010/chapter58/	Chapter 58 Insurance.
https://law.justia.com/codes/north-carolina/2010/chapter58a/	Chapter 58A North Carolina Health Insurance Trust Commission [Recodified.]
https://law.justia.com/codes/north-carolina/2010/chapter59/	Chapter 59 Partnership.
https://law.justia.com/codes/north-carolina/2010/chapter59b/	Chapter 59B Uniform Unincorporated Nonprofit Association Act.
https://law.justia.com/codes/north-carolina/2010/chapter60/	Chapter 60 Railroads and Other Carriers [Repealed and Transferred.]
https://law.justia.com/codes/north-carolina/2010/chapter61/	Chapter 61 Religious Societies.
https://law.justia.com/codes/north-carolina/2010/chapter62/	Chapter 62 Public Utilities.
https://law.justia.com/codes/north-carolina/2010/chapter62a/	Chapter 62A Public Safety Telephone Service and Wireless Telephone Service.
https://law.justia.com/codes/north-carolina/2010/chapter63/	Chapter 63 Aeronautics.
https://law.justia.com/codes/north-carolina/2010/chapter63a/	Chapter 63A North Carolina Global TransPark Authority.
https://law.justia.com/codes/north-carolina/2010/chapter64/	Chapter 64 Aliens.
https://law.justia.com/codes/north-carolina/2010/chapter65/	Chapter 65 Cemeteries.
https://law.justia.com/codes/north-carolina/2010/chapter66/	Chapter 66 Commerce and Business.
https://law.justia.com/codes/north-carolina/2010/chapter67/	Chapter 67 Dogs.
https://law.justia.com/codes/north-carolina/2010/chapter68/	Chapter 68 Fences and Stock Law.
https://law.justia.com/codes/north-carolina/2010/chapter69/	Chapter 69 Fire Protection.
https://law.justia.com/codes/north-carolina/2010/chapter70/	Chapter 70 Indian Antiquities, Archaeological Resources and Unmarked Human Skeletal Remains Protection.
https://law.justia.com/codes/north-carolina/2010/chapter71/	Chapter 71 Indians [Repealed.]
https://law.justia.com/codes/north-carolina/2010/chapter71a/	Chapter 71A Indians.
https://law.justia.com/codes/north-carolina/2010/chapter72/	Chapter 72 Inns, Hotels and Restaurants.
https://law.justia.com/codes/north-carolina/2010/chapter73/	Chapter 73 Mills.
https://law.justia.com/codes/north-carolina/2010/chapter74/	Chapter 74 Mines and Quarries.
https://law.justia.com/codes/north-carolina/2010/chapter74a/	Chapter 74A Company Police [Repealed.]
https://law.justia.com/codes/north-carolina/2010/chapter74b/	Chapter 74B Private Protective Services Act [Repealed.]
https://law.justia.com/codes/north-carolina/2010/chapter74c/	Chapter 74C Private Protective Services.
https://law.justia.com/codes/north-carolina/2010/chapter74d/	Chapter 74D Alarm Systems.
https://law.justia.com/codes/north-carolina/2010/chapter74e/	Chapter 74E Company Police Act.
https://law.justia.com/codes/north-carolina/2010/chapter74f/	Chapter 74F Locksmith Licensing Act.
https://law.justia.com/codes/north-carolina/2010/chapter74g/	Chapter 74G Campus Police Act.
https://law.justia.com/codes/north-carolina/2010/chapter75/	Chapter 75 Monopolies, Trusts and Consumer Protection.
https://law.justia.com/codes/north-carolina/2010/chapter75a/	Chapter 75A Boating and Water Safety.
https://law.justia.com/codes/north-carolina/2010/chapter75b/	Chapter 75B Discrimination in Business.
https://law.justia.com/codes/north-carolina/2010/chapter75c/	Chapter 75C Motion Picture Fair Competition Act.
https://law.justia.com/codes/north-carolina/2010/chapter75d/	Chapter 75D Racketeer Influenced and Corrupt Organizations.
https://law.justia.com/codes/north-carolina/2010/chapter75e/	Chapter 75E Unlawful Activities in Connection With Certain Corporate Transactions.
https://law.justia.com/codes/north-carolina/2010/chapter76/	Chapter 76 Navigation.
https://law.justia.com/codes/north-carolina/2010/chapter76a/	Chapter 76A Navigation and Pilotage Commissions.
https://law.justia.com/codes/north-carolina/2010/chapter77/	Chapter 77 Rivers, Creeks, and Coastal Waters.
https://law.justia.com/codes/north-carolina/2010/chapter78/	Chapter 78 Securities Law [Repealed.]
https://law.justia.com/codes/north-carolina/2010/chapter78a/	Chapter 78A North Carolina Securities Act.
https://law.justia.com/codes/north-carolina/2010/chapter78b/	Chapter 78B Tender Offer Disclosure Act [Repealed.]
https://law.justia.com/codes/north-carolina/2010/chapter78c/	Chapter 78C Investment Advisers.
https://law.justia.com/codes/north-carolina/2010/chapter78d/	Chapter 78D Commodities Act.
https://law.justia.com/codes/north-carolina/2010/chapter79/	Chapter 79 Strays [Repealed.]
https://law.justia.com/codes/north-carolina/2010/chapter80/	Chapter 80 Trademarks, Brands, etc.
https://law.justia.com/codes/north-carolina/2010/chapter81/	Chapter 81 Weights and Measures [Recodified.]
https://law.justia.com/codes/north-carolina/2010/chapter81a/	Chapter 81A Weights and Measures Act of 1975.
https://law.justia.com/codes/north-carolina/2010/chapter82/	Chapter 82 Wrecks [Repealed.]
https://law.justia.com/codes/north-carolina/2010/chapter83/	Chapter 83 Architects [Recodified.]
https://law.justia.com/codes/north-carolina/2010/chapter83a/	Chapter 83A Architects.
https://law.justia.com/codes/north-carolina/2010/chapter84/	Chapter 84 Attorneys-at-Law.
https://law.justia.com/codes/north-carolina/2010/chapter84a/	Chapter 84A Foreign Legal Consultants.
https://law.justia.com/codes/north-carolina/2010/chapter85/	Chapter 85 Auctions and Auctioneers [Repealed.]
https://law.justia.com/codes/north-carolina/2010/chapter85a/	Chapter 85A Bail Bondsmen and Runners [Recodified.]
https://law.justia.com/codes/north-carolina/2010/chapter85b/	Chapter 85B Auctions and Auctioneers.
https://law.justia.com/codes/north-carolina/2010/chapter85c/	Chapter 85C Bail Bondsmen and Runners [Recodified.]
https://law.justia.com/codes/north-carolina/2010/chapter86/	Chapter 86 Barbers [Recodified.]
https://law.justia.com/codes/north-carolina/2010/chapter86a/	Chapter 86A Barbers.
https://law.justia.com/codes/north-carolina/2010/chapter87/	Chapter 87 Contractors.
https://law.justia.com/codes/north-carolina/2010/chapter88/	Chapter 88 Cosmetic Art [Repealed.]
https://law.justia.com/codes/north-carolina/2010/chapter88a/	Chapter 88A Electrolysis Practice Act.
https://law.justia.com/codes/north-carolina/2010/chapter88b/	Chapter 88B Cosmetic Art.
https://law.justia.com/codes/north-carolina/2010/chapter89/	Chapter 89 Engineering and Land Surveying [Recodified.]
https://law.justia.com/codes/north-carolina/2010/chapter89a/	Chapter 89A Landscape Architects.
https://law.justia.com/codes/north-carolina/2010/chapter89b/	Chapter 89B Foresters.
https://law.justia.com/codes/north-carolina/2010/chapter89c/	Chapter 89C Engineering and Land Surveying.
https://law.justia.com/codes/north-carolina/2010/chapter89d/	Chapter 89D Landscape Contractors.
https://law.justia.com/codes/north-carolina/2010/chapter89e/	Chapter 89E Geologists Licensing Act.
https://law.justia.com/codes/north-carolina/2010/chapter89f/	Chapter 89F North Carolina Soil Scientist Licensing Act.
https://law.justia.com/codes/north-carolina/2010/chapter89g/	Chapter 89G Irrigation Contractors.
https://law.justia.com/codes/north-carolina/2010/chapter90/	Chapter 90 Medicine and Allied Occupations.
https://law.justia.com/codes/north-carolina/2010/chapter90a/	Chapter 90A Sanitarians and Water and Wastewater Treatment Facility Operators.
https://law.justia.com/codes/north-carolina/2010/chapter90b/	Chapter 90B Social Worker Certification and Licensure Act.
https://law.justia.com/codes/north-carolina/2010/chapter90c/	Chapter 90C North Carolina Recreational Therapy Licensure Act.
https://law.justia.com/codes/north-carolina/2010/chapter90d/	Chapter 90D Interpreters and Transliterators.
https://law.justia.com/codes/north-carolina/2010/chapter91/	Chapter 91 Pawnbrokers [Repealed.]
https://law.justia.com/codes/north-carolina/2010/chapter91a/	Chapter 91A Pawnbrokers Modernization Act of 1989.
https://law.justia.com/codes/north-carolina/2010/chapter92/	Chapter 92 Photographers [Deleted.]
https://law.justia.com/codes/north-carolina/2010/chapter93/	Chapter 93 Certified Public Accountants.
https://law.justia.com/codes/north-carolina/2010/chapter93a/	Chapter 93A Real Estate License Law.
https://law.justia.com/codes/north-carolina/2010/chapter93b/	Chapter 93B Occupational Licensing Boards.
https://law.justia.com/codes/north-carolina/2010/chapter93c/	Chapter 93C Watchmakers [Repealed.]
https://law.justia.com/codes/north-carolina/2010/chapter93d/	Chapter 93D North Carolina State Hearing Aid Dealers and Fitters Board.
https://law.justia.com/codes/north-carolina/2010/chapter93e/	Chapter 93E North Carolina Appraisers Act.
https://law.justia.com/codes/north-carolina/2010/chapter94/	Chapter 94 Apprenticeship.
https://law.justia.com/codes/north-carolina/2010/chapter95/	Chapter 95 Department of Labor and Labor Regulations.
https://law.justia.com/codes/north-carolina/2010/chapter96/	Chapter 96 Employment Security.
https://law.justia.com/codes/north-carolina/2010/chapter97/	Chapter 97 Workers' Compensation Act.
https://law.justia.com/codes/north-carolina/2010/chapter98/	Chapter 98 Burnt and Lost Records.
https://law.justia.com/codes/north-carolina/2010/chapter99/	Chapter 99 Libel and Slander.
https://law.justia.com/codes/north-carolina/2010/chapter99a/	Chapter 99A Civil Remedies for Criminal Actions.
https://law.justia.com/codes/north-carolina/2010/chapter99b/	Chapter 99B Products Liability.
https://law.justia.com/codes/north-carolina/2010/chapter99c/	Chapter 99C Actions Relating to Winter Sports Safety and Accidents.
https://law.justia.com/codes/north-carolina/2010/chapter99d/	Chapter 99D Civil Rights.
https://law.justia.com/codes/north-carolina/2010/chapter99e/	Chapter 99E Special Liability Provisions.
https://law.justia.com/codes/north-carolina/2010/chapter100/	Chapter 100 Monuments, Memorials and Parks.
https://law.justia.com/codes/north-carolina/2010/chapter101/	Chapter 101 Names of Persons.
https://law.justia.com/codes/north-carolina/2010/chapter102/	Chapter 102 Official Survey Base.
https://law.justia.com/codes/north-carolina/2010/chapter103/	Chapter 103 Sundays, Holidays and Special Days.
https://law.justia.com/codes/north-carolina/2010/chapter104/	Chapter 104 United States Lands.
https://law.justia.com/codes/north-carolina/2010/chapter104a/	Chapter 104A Degrees of Kinship.
https://law.justia.com/codes/north-carolina/2010/chapter104b/	Chapter 104B Hurricanes or Other Acts of Nature.
https://law.justia.com/codes/north-carolina/2010/chapter104c/	Chapter 104C Atomic Energy, Radioactivity and Ionizing Radiation [Repealed and Recodified.]
https://law.justia.com/codes/north-carolina/2010/chapter104d/	Chapter 104D Southern States Energy Compact.
https://law.justia.com/codes/north-carolina/2010/chapter104e/	Chapter 104E North Carolina Radiation Protection Act.
https://law.justia.com/codes/north-carolina/2010/chapter104f/	Chapter 104F Southeast Interstate Low-Level Radioactive Waste Management Compact [Repealed].
https://law.justia.com/codes/north-carolina/2010/chapter104g/	Chapter 104G North Carolina Low-Level Radioactive Waste Management Authority Act of 1987 [Repealed].
https://law.justia.com/codes/north-carolina/2010/chapter105/	Chapter 105 Taxation.
https://law.justia.com/codes/north-carolina/2010/chapter105a/	Chapter 105A Setoff Debt Collection Act.
https://law.justia.com/codes/north-carolina/2010/chapter105b/	Chapter 105B Defaulted Student Loan Recovery Act.
https://law.justia.com/codes/north-carolina/2010/chapter106/	Chapter 106 Agriculture.
https://law.justia.com/codes/north-carolina/2010/chapter107/	Chapter 107 Agricultural Development Districts [Repealed.]
https://law.justia.com/codes/north-carolina/2010/chapter108/	Chapter 108 Social Services [Repealed and Recodified.]
https://law.justia.com/codes/north-carolina/2010/chapter108a/	Chapter 108A Social Services.
https://law.justia.com/codes/north-carolina/2010/chapter108b/	Chapter 108B Community Action Programs.
https://law.justia.com/codes/north-carolina/2010/chapter109/	Chapter 109 Bonds [Recodified.]
https://law.justia.com/codes/north-carolina/2010/chapter110/	Chapter 110 Child Welfare.
https://law.justia.com/codes/north-carolina/2010/chapter111/	Chapter 111 Aid to the Blind.
https://law.justia.com/codes/north-carolina/2010/chapter112/	Chapter 112 Confederate Homes and Pensions [Repealed.]
https://law.justia.com/codes/north-carolina/2010/chapter113/	Chapter 113 Conservation and Development.
https://law.justia.com/codes/north-carolina/2010/chapter113a/	Chapter 113A Pollution Control and Environment.
https://law.justia.com/codes/north-carolina/2010/chapter113b/	Chapter 113B North Carolina Energy Policy Act of 1975.
https://law.justia.com/codes/north-carolina/2010/chapter114/	Chapter 114 Department of Justice.
https://law.justia.com/codes/north-carolina/2010/chapter115/	Chapter 115 Elementary and Secondary Education [Repealed.]
https://law.justia.com/codes/north-carolina/2010/chapter115a/	Chapter 115A Community Colleges, Technical Institutes, and Industrial Education Centers [Repealed.]
https://law.justia.com/codes/north-carolina/2010/chapter115b/	Chapter 115B Tuition and Fee Waivers.
https://law.justia.com/codes/north-carolina/2010/chapter115c/	Chapter 115C Elementary and Secondary Education.
https://law.justia.com/codes/north-carolina/2010/chapter115d/	Chapter 115D Community Colleges.
https://law.justia.com/codes/north-carolina/2010/chapter115e/	Chapter 115E Private Educational Facilities Finance Act [Recodified].
https://law.justia.com/codes/north-carolina/2010/chapter116/	Chapter 116 Higher Education.
https://law.justia.com/codes/north-carolina/2010/chapter116a/	Chapter 116A Escheats and Abandoned Property [Repealed.]
https://law.justia.com/codes/north-carolina/2010/chapter116b/	Chapter 116B Escheats and Abandoned Property.
https://law.justia.com/codes/north-carolina/2010/chapter116c/	Chapter 116C Continuum of Education Programs.
https://law.justia.com/codes/north-carolina/2010/chapter116d/	Chapter 116D Higher Education Bonds.
https://law.justia.com/codes/north-carolina/2010/chapter117/	Chapter 117 Electrification.
https://law.justia.com/codes/north-carolina/2010/chapter118/	Chapter 118 Firemen's and Rescue Squad Workers' Relief and Pension Funds [Recodified.]
https://law.justia.com/codes/north-carolina/2010/chapter118a/	Chapter 118A Firemen's Death Benefit Act [Repealed.]
https://law.justia.com/codes/north-carolina/2010/chapter118b/	Chapter 118B Members of a Rescue Squad Death Benefit Act [Repealed.]
https://law.justia.com/codes/north-carolina/2010/chapter119/	Chapter 119 Gasoline and Oil Inspection and Regulation.
https://law.justia.com/codes/north-carolina/2010/chapter120/	Chapter 120 General Assembly.
https://law.justia.com/codes/north-carolina/2010/chapter120c/	Chapter 120C Lobbying.
https://law.justia.com/codes/north-carolina/2010/chapter121/	Chapter 121 Archives and History.
https://law.justia.com/codes/north-carolina/2010/chapter122/	Chapter 122 Hospitals for the Mentally Disordered [Repealed.]
https://law.justia.com/codes/north-carolina/2010/chapter122a/	Chapter 122A North Carolina Housing Finance Agency.
https://law.justia.com/codes/north-carolina/2010/chapter122b/	Chapter 122B North Carolina Agricultural Facilities Finance Act [Repealed.]
https://law.justia.com/codes/north-carolina/2010/chapter122c/	Chapter 122C Mental Health, Developmental Disabilities, and Substance Abuse Act of 1985.
https://law.justia.com/codes/north-carolina/2010/chapter122d/	Chapter 122D North Carolina Agricultural Finance Act.
https://law.justia.com/codes/north-carolina/2010/chapter122e/	Chapter 122E North Carolina Housing Trust and Oil Overcharge Act.
https://law.justia.com/codes/north-carolina/2010/chapter123/	Chapter 123 Impeachment.
https://law.justia.com/codes/north-carolina/2010/chapter123a/	Chapter 123A Industrial Development [Repealed.]
https://law.justia.com/codes/north-carolina/2010/chapter124/	Chapter 124 Internal Improvements.
https://law.justia.com/codes/north-carolina/2010/chapter125/	Chapter 125 Libraries.
https://law.justia.com/codes/north-carolina/2010/chapter126/	Chapter 126 State Personnel System.
https://law.justia.com/codes/north-carolina/2010/chapter127/	Chapter 127 Militia [Repealed.]
https://law.justia.com/codes/north-carolina/2010/chapter127a/	Chapter 127A Militia.
https://law.justia.com/codes/north-carolina/2010/chapter127b/	Chapter 127B Military Affairs.
https://law.justia.com/codes/north-carolina/2010/chapter127c/	Chapter 127C Advisory Commission on Military Affairs.
https://law.justia.com/codes/north-carolina/2010/chapter128/	Chapter 128 Offices and Public Officers.
https://law.justia.com/codes/north-carolina/2010/chapter129/	Chapter 129 Public Buildings and Grounds.
https://law.justia.com/codes/north-carolina/2010/chapter130/	Chapter 130 Public Health [Repealed.]
https://law.justia.com/codes/north-carolina/2010/chapter130a/	Chapter 130A Public Health.
https://law.justia.com/codes/north-carolina/2010/chapter130b/	Chapter 130B Hazardous Waste Management Commission [Repealed.]
https://law.justia.com/codes/north-carolina/2010/chapter131/	Chapter 131 Public Hospitals [Repealed.]
https://law.justia.com/codes/north-carolina/2010/chapter131a/	Chapter 131A Health Care Facilities Finance Act.
https://law.justia.com/codes/north-carolina/2010/chapter131b/	Chapter 131B Licensing of Ambulatory Surgical Facilities [Repealed.]
https://law.justia.com/codes/north-carolina/2010/chapter131c/	Chapter 131C Charitable Solicitation Licensure Act [Repealed.]
https://law.justia.com/codes/north-carolina/2010/chapter131d/	Chapter 131D Inspection and Licensing of Facilities.
https://law.justia.com/codes/north-carolina/2010/chapter131e/	Chapter 131E Health Care Facilities and Services.
https://law.justia.com/codes/north-carolina/2010/chapter131f/	Chapter 131F Solicitation of Contributions.
https://law.justia.com/codes/north-carolina/2010/chapter132/	Chapter 132 Public Records.
https://law.justia.com/codes/north-carolina/2010/chapter133/	Chapter 133 Public Works.
https://law.justia.com/codes/north-carolina/2010/chapter134/	Chapter 134 Youth Development [Recodified.]
https://law.justia.com/codes/north-carolina/2010/chapter134a/	Chapter 134A Youth Services [Repealed.]
https://law.justia.com/codes/north-carolina/2010/chapter135/	Chapter 135 Retirement System for Teachers and State Employees; Social Security; Health Insurance Program for Children.
https://law.justia.com/codes/north-carolina/2010/chapter136/	Chapter 136 Transportation.
https://law.justia.com/codes/north-carolina/2010/chapter137/	Chapter 137 Rural Rehabilitation [Repealed.]
https://law.justia.com/codes/north-carolina/2010/chapter138/	Chapter 138 Salaries, Fees and Allowances.
https://law.justia.com/codes/north-carolina/2010/chapter138a/	Chapter 138A State Government Ethics Act.
https://law.justia.com/codes/north-carolina/2010/chapter139/	Chapter 139 Soil and Water Conservation Districts.
https://law.justia.com/codes/north-carolina/2010/chapter140/	Chapter 140 State Art Museum; Symphony and Art Societies.
https://law.justia.com/codes/north-carolina/2010/chapter140a/	Chapter 140A State Awards System.
https://law.justia.com/codes/north-carolina/2010/chapter141/	Chapter 141 State Boundaries.
https://law.justia.com/codes/north-carolina/2010/chapter142/	Chapter 142 State Debt.
https://law.justia.com/codes/north-carolina/2010/chapter143/	Chapter 143 State Departments, Institutions, and Commissions.
https://law.justia.com/codes/north-carolina/2010/chapter143a/	Chapter 143A State Government Reorganization.
https://law.justia.com/codes/north-carolina/2010/chapter143b/	Chapter 143B Executive Organization Act of 1973.
https://law.justia.com/codes/north-carolina/2010/chapter143c/	Chapter 143C State Budget Act.
https://law.justia.com/codes/north-carolina/2010/chapter143d/	Chapter 143D The State Governmental Accountability and Internal Control Act.
https://law.justia.com/codes/north-carolina/2010/chapter144/	Chapter 144 State Flag, Official Governmental Flags, Motto, and Colors.
https://law.justia.com/codes/north-carolina/2010/chapter145/	Chapter 145 State Symbols and Other Official Adoptions.
https://law.justia.com/codes/north-carolina/2010/chapter146/	Chapter 146 State Lands.
https://law.justia.com/codes/north-carolina/2010/chapter147/	Chapter 147 State Officers.
https://law.justia.com/codes/north-carolina/2010/chapter148/	Chapter 148 State Prison System.
https://law.justia.com/codes/north-carolina/2010/chapter149/	Chapter 149 State Song and Toast.
https://law.justia.com/codes/north-carolina/2010/chapter150/	Chapter 150 Uniform Revocation of Licenses [Repealed.]
https://law.justia.com/codes/north-carolina/2010/chapter150a/	Chapter 150A Administrative Procedure Act [Recodified.]
https://law.justia.com/codes/north-carolina/2010/chapter150b/	Chapter 150B Administrative Procedure Act.
https://law.justia.com/codes/north-carolina/2010/chapter151/	Chapter 151 Constables [Repealed.]
https://law.justia.com/codes/north-carolina/2010/chapter152/	Chapter 152 Coroners.
https://law.justia.com/codes/north-carolina/2010/chapter152a/	Chapter 152A County Medical Examiner [Repealed.]
https://law.justia.com/codes/north-carolina/2010/chapter153/	Chapter 153 Counties and County Commissioners [Repealed.]
https://law.justia.com/codes/north-carolina/2010/chapter153a/	Chapter 153A Counties.
https://law.justia.com/codes/north-carolina/2010/chapter153b/	Chapter 153B Mountain Resources Planning Act.
https://law.justia.com/codes/north-carolina/2010/chapter153c/	Chapter 153C Uwharrie Regional Resources Act.
https://law.justia.com/codes/north-carolina/2010/chapter154/	Chapter 154 County Surveyor [Repealed.]
https://law.justia.com/codes/north-carolina/2010/chapter155/	Chapter 155 County Treasurer [Repealed.]
https://law.justia.com/codes/north-carolina/2010/chapter156/	Chapter 156 Drainage.
https://law.justia.com/codes/north-carolina/2010/chapter157/	Chapter 157 Housing Authorities and Projects.
https://law.justia.com/codes/north-carolina/2010/chapter157a/	Chapter 157A Historic Properties Commissions [Transferred.]
https://law.justia.com/codes/north-carolina/2010/chapter158/	Chapter 158 Local Development.
https://law.justia.com/codes/north-carolina/2010/chapter159/	Chapter 159 Local Government Finance.
https://law.justia.com/codes/north-carolina/2010/chapter159a/	Chapter 159A Pollution Abatement and Industrial Facilities Financing Act [Unconstitutional.]
https://law.justia.com/codes/north-carolina/2010/chapter159b/	Chapter 159B Joint Municipal Electric Power and Energy Act.
https://law.justia.com/codes/north-carolina/2010/chapter159c/	Chapter 159C Industrial and Pollution Control Facilities Financing Act.
https://law.justia.com/codes/north-carolina/2010/chapter159d/	Chapter 159D The North Carolina Capital Facilities Financing Act.
https://law.justia.com/codes/north-carolina/2010/chapter159e/	Chapter 159E Registered Public Obligations Act.
https://law.justia.com/codes/north-carolina/2010/chapter159f/	Chapter 159F North Carolina Energy Development Authority [Repealed.]
https://law.justia.com/codes/north-carolina/2010/chapter159g/	Chapter 159G Water Infrastructure.
https://law.justia.com/codes/north-carolina/2010/chapter159i/	Chapter 159I Solid Waste Management Loan Program and Local Government Special Obligation Bonds.
https://law.justia.com/codes/north-carolina/2010/chapter160/	Chapter 160 Municipal Corporations [Repealed and Transferred.]
https://law.justia.com/codes/north-carolina/2010/chapter160a/	Chapter 160A Cities and Towns.
https://law.justia.com/codes/north-carolina/2010/chapter160b/	Chapter 160B Consolidated City-County Act.
https://law.justia.com/codes/north-carolina/2010/chapter160c/	Chapter 160C Baseball Park Districts [Repealed.]
https://law.justia.com/codes/north-carolina/2010/chapter161/	Chapter 161 Register of Deeds.
https://law.justia.com/codes/north-carolina/2010/chapter162/	Chapter 162 Sheriff.
https://law.justia.com/codes/north-carolina/2010/chapter162a/	Chapter 162A Water and Sewer Systems.
https://law.justia.com/codes/north-carolina/2010/chapter162b/	Chapter 162B Continuity of Local Government in Emergency.
https://law.justia.com/codes/north-carolina/2010/chapter163/	Chapter 163 Elections and Election Laws.
https://law.justia.com/codes/north-carolina/2010/chapter164/	Chapter 164 Concerning the General Statutes of North Carolina.
https://law.justia.com/codes/north-carolina/2010/chapter165/	Chapter 165 Veterans.
https://law.justia.com/codes/north-carolina/2010/chapter166/	Chapter 166 Civil Preparedness Agencies [Repealed.]
https://law.justia.com/codes/north-carolina/2010/chapter166a/	Chapter 166A North Carolina Emergency Management Act.
https://law.justia.com/codes/north-carolina/2010/chapter167/	Chapter 167 State Civil Air Patrol [Repealed.]
https://law.justia.com/codes/north-carolina/2010/chapter168/	Chapter 168 Persons with Disabilities.
https://law.justia.com/codes/north-carolina/2010/chapter168a/	Chapter 168A Persons With Disabilities Protection Act.