https://law.justia.com/codes/california/2025/code-gov/title-9/chapter-6/article-1/section-86100/	Section 86100.
https://law.justia.com/codes/california/2025/code-gov/title-9/chapter-6/article-1/section-86101/	Section 86101.
https://law.justia.com/codes/california/2025/code-gov/title-9/chapter-6/article-1/section-86102/	Section 86102.
https://law.justia.com/codes/california/2025/code-gov/title-9/chapter-6/article-1/section-86103/	Section 86103.
https://law.justia.com/codes/california/2025/code-gov/title-9/chapter-6/article-1/section-86103-d-1/	Section 86103.
https://law.justia.com/codes/california/2025/code-gov/title-9/chapter-6/article-1/section-86104/	Section 86104.
https://law.justia.com/codes/california/2025/code-gov/title-9/chapter-6/article-1/section-86104-d-1/	Section 86104.
https://law.justia.com/codes/california/2025/code-gov/title-9/chapter-6/article-1/section-86105/	Section 86105.
https://law.justia.com/codes/california/2025/code-gov/title-9/chapter-6/article-1/section-86106/	Section 86106.
https://law.justia.com/codes/california/2025/code-gov/title-9/chapter-6/article-1/section-86107/	Section 86107.
https://law.justia.com/codes/california/2025/code-gov/title-9/chapter-6/article-1/section-86107-d-1/	Section 86107.
https://law.justia.com/codes/california/2025/code-gov/title-9/chapter-6/article-1/section-86108/	Section 86108.
https://law.justia.com/codes/california/2025/code-gov/title-9/chapter-6/article-1/section-86108-d-1/	Section 86108.
https://law.justia.com/codes/california/2025/code-gov/title-9/chapter-6/article-1/section-86109/	Section 86109.
https://law.justia.com/codes/california/2025/code-gov/title-9/chapter-6/article-1/section-86109-5/	Section 86109.5.
https://law.justia.com/codes/california/2025/code-gov/title-9/chapter-6/article-1/section-86109-5-d-1/	Section 86109.5.
https://law.justia.com/codes/california/2025/code-gov/title-9/chapter-6/article-1/section-86110/	Section 86110.
https://law.justia.com/codes/california/2025/code-gov/title-9/chapter-6/article-1/section-86111/	Section 86111.
https://law.justia.com/codes/california/2025/code-gov/title-9/chapter-6/article-1/section-86112/	Section 86112.
https://law.justia.com/codes/california/2025/code-gov/title-9/chapter-6/article-1/section-86112-3/	Section 86112.3.
https://law.justia.com/codes/california/2025/code-gov/title-9/chapter-6/article-1/section-86112-5/	Section 86112.5.
https://law.justia.com/codes/california/2025/code-gov/title-9/chapter-6/article-1/section-86113/	Section 86113.
https://law.justia.com/codes/california/2025/code-gov/title-9/chapter-6/article-1/section-86114/	Section 86114.
https://law.justia.com/codes/california/2025/code-gov/title-9/chapter-6/article-1/section-86114-d-1/	Section 86114.
https://law.justia.com/codes/california/2025/code-gov/title-9/chapter-6/article-1/section-86115/	Section 86115.
https://law.justia.com/codes/california/2025/code-gov/title-9/chapter-6/article-1/section-86116/	Section 86116.
https://law.justia.com/codes/california/2025/code-gov/title-9/chapter-6/article-1/section-86116-d-1/	Section 86116.
https://law.justia.com/codes/california/2025/code-gov/title-9/chapter-6/article-1/section-86116-d-2/	Section 86116.
https://law.justia.com/codes/california/2025/code-gov/title-9/chapter-6/article-1/section-86116-5/	Section 86116.5.
https://law.justia.com/codes/california/2025/code-gov/title-9/chapter-6/article-1/section-86117/	Section 86117.
https://law.justia.com/codes/california/2025/code-gov/title-9/chapter-6/article-1/section-86118/	Section 86118.
https://law.justia.com/codes/california/2025/code-gov/title-9/chapter-6/article-1/section-86118-d-1/	Section 86118.
https://law.justia.com/codes/california/2025/code-gov/title-9/chapter-6/article-1/section-86119/	Section 86119.