https://law.justia.com/codes/massachusetts/2015/part-i/title-i/	TITLE I JURISDICTION AND EMBLEMS OF THE COMMONWEALTH, THE GENERAL COURT, STATUTES AND PUBLIC DOCUMENTS
https://law.justia.com/codes/massachusetts/2015/part-i/title-ii/	TITLE II EXECUTIVE AND ADMINISTRATIVE OFFICERS OF THE COMMONWEALTH
https://law.justia.com/codes/massachusetts/2015/part-i/title-iii/	TITLE III LAWS RELATING TO STATE OFFICERS
https://law.justia.com/codes/massachusetts/2015/part-i/title-iv/	TITLE IV CIVIL SERVICE, RETIREMENTS AND PENSIONS
https://law.justia.com/codes/massachusetts/2015/part-i/title-v/	TITLE V MILITIA
https://law.justia.com/codes/massachusetts/2015/part-i/title-vi/	TITLE VI COUNTIES AND COUNTY OFFICERS
https://law.justia.com/codes/massachusetts/2015/part-i/title-vii/	TITLE VII CITIES, TOWNS AND DISTRICTS
https://law.justia.com/codes/massachusetts/2015/part-i/title-viii/	TITLE VIII ELECTIONS
https://law.justia.com/codes/massachusetts/2015/part-i/title-ix/	TITLE IX TAXATION
https://law.justia.com/codes/massachusetts/2015/part-i/title-x/	TITLE X PUBLIC RECORDS
https://law.justia.com/codes/massachusetts/2015/part-i/title-xi/	TITLE XI CERTAIN RELIGIOUS AND CHARITABLE MATTERS
https://law.justia.com/codes/massachusetts/2015/part-i/title-xii/	TITLE XII EDUCATION
https://law.justia.com/codes/massachusetts/2015/part-i/title-xiii/	TITLE XIII EMINENT DOMAIN AND BETTERMENTS
https://law.justia.com/codes/massachusetts/2015/part-i/title-xiv/	TITLE XIV PUBLIC WAYS AND WORKS
https://law.justia.com/codes/massachusetts/2015/part-i/title-xv/	TITLE XV REGULATION OF TRADE
https://law.justia.com/codes/massachusetts/2015/part-i/title-xvi/	TITLE XVI PUBLIC HEALTH
https://law.justia.com/codes/massachusetts/2015/part-i/title-xvii/	TITLE XVII PUBLIC WELFARE
https://law.justia.com/codes/massachusetts/2015/part-i/title-xviii/	TITLE XVIII PRISONS, IMPRISONMENT, PAROLES AND PARDONS
https://law.justia.com/codes/massachusetts/2015/part-i/title-xix/	TITLE XIX AGRICULTURE AND CONSERVATION
https://law.justia.com/codes/massachusetts/2015/part-i/title-xx/	TITLE XX PUBLIC SAFETY AND GOOD ORDER
https://law.justia.com/codes/massachusetts/2015/part-i/title-xxi/	TITLE XXI LABOR AND INDUSTRIES
https://law.justia.com/codes/massachusetts/2015/part-i/title-xxii/	TITLE XXII CORPORATIONS