https://law.justia.com/codes/alaska/2010/title24/chapter24-05/	Chapter 24.05. LEGISLATURE IN GENERAL
https://law.justia.com/codes/alaska/2010/title24/chapter24-08/	Chapter 24.08. ENACTMENTS
https://law.justia.com/codes/alaska/2010/title24/chapter24-10/	Chapter 24.10. OFFICERS, EMPLOYEES, AND COMPENSATION
https://law.justia.com/codes/alaska/2010/title24/chapter24-15/	Chapter 24.15. COMPENSATION OF LEGISLATORS, OFFICERS AND EMPLOYEES
https://law.justia.com/codes/alaska/2010/title24/chapter24-20/	Chapter 24.20. AGENCIES AND PERMANENT COMMITTEES
https://law.justia.com/codes/alaska/2010/title24/chapter24-23/	Chapter 24.23. LEGISLATIVE CONTRACT PROCEDURE
https://law.justia.com/codes/alaska/2010/title24/chapter24-25/	Chapter 24.25. WITNESSES; SUBPOENA; CONTEMPT
https://law.justia.com/codes/alaska/2010/title24/chapter24-30/	Chapter 24.30. ENACTMENT OF STATUTES
https://law.justia.com/codes/alaska/2010/title24/chapter24-35/	Chapter 24.35. PRINTING AND DISTRIBUTION OF LEGISLATIVE ENACTMENTS
https://law.justia.com/codes/alaska/2010/title24/chapter24-37/	Chapter 24.37. REVIEW OF ADMINISTRATIVE REGULATIONS BY STANDING COMMITTEES OF THE LEGISLATURE
https://law.justia.com/codes/alaska/2010/title24/chapter24-40/	Chapter 24.40. JUDICIAL PROCEEDINGS INVOLVING LEGISLATORS
https://law.justia.com/codes/alaska/2010/title24/chapter24-45/	Chapter 24.45. REGULATION OF LOBBYING
https://law.justia.com/codes/alaska/2010/title24/chapter24-50/	Chapter 24.50. STUDENT GUESTS OF LEGISLATURE
https://law.justia.com/codes/alaska/2010/title24/chapter24-55/	Chapter 24.55. OFFICE OF THE OMBUDSMAN
https://law.justia.com/codes/alaska/2010/title24/chapter24-60/	Chapter 24.60. STANDARDS OF CONDUCT
https://law.justia.com/codes/alaska/2010/title24/chapter24-65/	Chapter 24.65. OFFICE OF VICTIMS' RIGHTS