https://law.justia.com/codes/washington/2009/title-42/42-17/42-17-030/	42.17.030 - Applicability -- Exceptions.
https://law.justia.com/codes/washington/2009/title-42/42-17/42-17-035/	42.17.035 - Conservation district exception.
https://law.justia.com/codes/washington/2009/title-42/42-17/42-17-040/	42.17.040 - Statement of organization by political committees.
https://law.justia.com/codes/washington/2009/title-42/42-17/42-17-050/	42.17.050 - Treasurer -- Depositories.
https://law.justia.com/codes/washington/2009/title-42/42-17/42-17-060/	42.17.060 - Deposit of contributions -- Investment -- Unidentified contributions -- Cash contributions.
https://law.justia.com/codes/washington/2009/title-42/42-17/42-17-065/	42.17.065 - Filing and reporting by continuing political committee.
https://law.justia.com/codes/washington/2009/title-42/42-17/42-17-067/	42.17.067 - Fund-raising activities -- Alternative reporting method.
https://law.justia.com/codes/washington/2009/title-42/42-17/42-17-070/	42.17.070 - Expenditures -- Authorization of and restrictions on.
https://law.justia.com/codes/washington/2009/title-42/42-17/42-17-080/	42.17.080 - Reporting of contributions and expenditures -- Public inspection of accounts.
https://law.justia.com/codes/washington/2009/title-42/42-17/42-17-090/	42.17.090 - Contents of report.
https://law.justia.com/codes/washington/2009/title-42/42-17/42-17-093/	42.17.093 - Out-of-state political committees -- Reports.
https://law.justia.com/codes/washington/2009/title-42/42-17/42-17-095/	42.17.095 - Disposal of surplus funds.
https://law.justia.com/codes/washington/2009/title-42/42-17/42-17-100/	42.17.100 - Special reports -- Independent expenditures.
https://law.justia.com/codes/washington/2009/title-42/42-17/42-17-103/	42.17.103 - Special reports -- Political advertising.
https://law.justia.com/codes/washington/2009/title-42/42-17/42-17-105/	42.17.105 - Special reports -- Late contributions or large totals -- Certain late contributions prohibited.
https://law.justia.com/codes/washington/2009/title-42/42-17/42-17-110/	42.17.110 - Commercial advertisers -- Public inspection of documents -- Copies to commission.
https://law.justia.com/codes/washington/2009/title-42/42-17/42-17-120/	42.17.120 - Identification of contributions and communications.
https://law.justia.com/codes/washington/2009/title-42/42-17/42-17-125/	42.17.125 - Personal use of contributions -- When permitted.
https://law.justia.com/codes/washington/2009/title-42/42-17/42-17-128/	42.17.128 - Use of public funds for political purposes.
https://law.justia.com/codes/washington/2009/title-42/42-17/42-17-130/	42.17.130 - Use of public office or agency facilities in campaigns -- Prohibition -- Exceptions.
https://law.justia.com/codes/washington/2009/title-42/42-17/42-17-131/	42.17.131 - Exemption from RCW 42.17.130.
https://law.justia.com/codes/washington/2009/title-42/42-17/42-17-135/	42.17.135 - Earmarked contributions.
https://law.justia.com/codes/washington/2009/title-42/42-17/42-17-150/	42.17.150 - Registration of lobbyists.
https://law.justia.com/codes/washington/2009/title-42/42-17/42-17-155/	42.17.155 - Photograph and information -- Booklet -- Publication.
https://law.justia.com/codes/washington/2009/title-42/42-17/42-17-160/	42.17.160 - Exemption from registration.
https://law.justia.com/codes/washington/2009/title-42/42-17/42-17-170/	42.17.170 - Reporting by lobbyists.
https://law.justia.com/codes/washington/2009/title-42/42-17/42-17-172/	42.17.172 - Notification to person named in report.
https://law.justia.com/codes/washington/2009/title-42/42-17/42-17-175/	42.17.175 - Special reports -- Lobbyists -- Late contributions or large totals.
https://law.justia.com/codes/washington/2009/title-42/42-17/42-17-180/	42.17.180 - Reports by employers of registered lobbyists, other persons.
https://law.justia.com/codes/washington/2009/title-42/42-17/42-17-190/	42.17.190 - Legislative activities of state agencies, other units of government, elective officials, employees.
https://law.justia.com/codes/washington/2009/title-42/42-17/42-17-200/	42.17.200 - Grass roots lobbying campaigns.
https://law.justia.com/codes/washington/2009/title-42/42-17/42-17-210/	42.17.210 - Employment of legislators, board or commission members, or state employees -- Statement, contents and filing.
https://law.justia.com/codes/washington/2009/title-42/42-17/42-17-220/	42.17.220 - Employment of unregistered persons.
https://law.justia.com/codes/washington/2009/title-42/42-17/42-17-230/	42.17.230 - Lobbyists' duties, restrictions.
https://law.justia.com/codes/washington/2009/title-42/42-17/42-17-240/	42.17.240 - Elected and appointed officials, candidates, and appointees -- Reports of financial affairs and gifts.
https://law.justia.com/codes/washington/2009/title-42/42-17/42-17-2401/	42.17.2401 - "Executive state officer" defined.
https://law.justia.com/codes/washington/2009/title-42/42-17/42-17-241/	42.17.241 - Contents of report.
https://law.justia.com/codes/washington/2009/title-42/42-17/42-17-242/	42.17.242 - Concealing identity of source of payment prohibited -- Exception.
https://law.justia.com/codes/washington/2009/title-42/42-17/42-17-245/	42.17.245 - Public accounts of governmental entities held by financial institutions -- Statements and reports -- Contents -- Filing.
https://law.justia.com/codes/washington/2009/title-42/42-17/42-17-350/	42.17.350 - Public disclosure commission -- Established -- Membership -- Prohibited activities -- Compensation, travel expenses.
https://law.justia.com/codes/washington/2009/title-42/42-17/42-17-360/	42.17.360 - Commission -- Duties.
https://law.justia.com/codes/washington/2009/title-42/42-17/42-17-362/	42.17.362 - Toll-free telephone number.
https://law.justia.com/codes/washington/2009/title-42/42-17/42-17-365/	42.17.365 - Audits and investigations.
https://law.justia.com/codes/washington/2009/title-42/42-17/42-17-367/	42.17.367 - Web site for commission documents.
https://law.justia.com/codes/washington/2009/title-42/42-17/42-17-369/	42.17.369 - Electronic filing -- Availability.
https://law.justia.com/codes/washington/2009/title-42/42-17/42-17-3691/	42.17.3691 - Electronic filing -- When required.
https://law.justia.com/codes/washington/2009/title-42/42-17/42-17-370/	42.17.370 - Commission -- Additional powers.
https://law.justia.com/codes/washington/2009/title-42/42-17/42-17-380/	42.17.380 - Duties of attorney general.
https://law.justia.com/codes/washington/2009/title-42/42-17/42-17-390/	42.17.390 - Civil remedies and sanctions.
https://law.justia.com/codes/washington/2009/title-42/42-17/42-17-395/	42.17.395 - Violations -- Determination by commission -- Procedure.
https://law.justia.com/codes/washington/2009/title-42/42-17/42-17-397/	42.17.397 - Procedure upon petition for enforcement of order of commission -- Court's order of enforcement.
https://law.justia.com/codes/washington/2009/title-42/42-17/42-17-400/	42.17.400 - Enforcement.
https://law.justia.com/codes/washington/2009/title-42/42-17/42-17-405/	42.17.405 - Suspension, reapplication of reporting requirements in small political subdivisions.
https://law.justia.com/codes/washington/2009/title-42/42-17/42-17-410/	42.17.410 - Limitation on actions.
https://law.justia.com/codes/washington/2009/title-42/42-17/42-17-420/	42.17.420 - Date of mailing deemed date of receipt -- Exceptions -- Electronic filings.
https://law.justia.com/codes/washington/2009/title-42/42-17/42-17-430/	42.17.430 - Certification of reports.
https://law.justia.com/codes/washington/2009/title-42/42-17/42-17-440/	42.17.440 - Statements and reports public records.
https://law.justia.com/codes/washington/2009/title-42/42-17/42-17-450/	42.17.450 - Duty to preserve statements and reports.
https://law.justia.com/codes/washington/2009/title-42/42-17/42-17-460/	42.17.460 - Access to reports -- Legislative intent.
https://law.justia.com/codes/washington/2009/title-42/42-17/42-17-461/	42.17.461 - Access goals.
https://law.justia.com/codes/washington/2009/title-42/42-17/42-17-463/	42.17.463 - Access performance measures.
https://law.justia.com/codes/washington/2009/title-42/42-17/42-17-465/	42.17.465 - Information technology plan -- Contents.
https://law.justia.com/codes/washington/2009/title-42/42-17/42-17-467/	42.17.467 - Information technology plan -- Consultation.
https://law.justia.com/codes/washington/2009/title-42/42-17/42-17-469/	42.17.469 - Information technology plan -- Submission.
https://law.justia.com/codes/washington/2009/title-42/42-17/42-17-471/	42.17.471 - Access performance reports.
https://law.justia.com/codes/washington/2009/title-42/42-17/42-17-510/	42.17.510 - Identification of sponsor -- Exemptions.
https://law.justia.com/codes/washington/2009/title-42/42-17/42-17-520/	42.17.520 - Picture of candidate.
https://law.justia.com/codes/washington/2009/title-42/42-17/42-17-530/	42.17.530 - Political advertising or electioneering communication -- Libel or defamation per se.
https://law.justia.com/codes/washington/2009/title-42/42-17/42-17-540/	42.17.540 - Responsibility for compliance.
https://law.justia.com/codes/washington/2009/title-42/42-17/42-17-561/	42.17.561 - Findings.
https://law.justia.com/codes/washington/2009/title-42/42-17/42-17-562/	42.17.562 - Intent.
https://law.justia.com/codes/washington/2009/title-42/42-17/42-17-565/	42.17.565 - Report -- Information required -- Time -- Method -- By whom -- Penalty.
https://law.justia.com/codes/washington/2009/title-42/42-17/42-17-570/	42.17.570 - When a contribution.
https://law.justia.com/codes/washington/2009/title-42/42-17/42-17-575/	42.17.575 - Recordkeeping.
https://law.justia.com/codes/washington/2009/title-42/42-17/42-17-610/	42.17.610 - Findings.
https://law.justia.com/codes/washington/2009/title-42/42-17/42-17-620/	42.17.620 - Intent.
https://law.justia.com/codes/washington/2009/title-42/42-17/42-17-640/	42.17.640 - Limits specified -- Exemptions.
https://law.justia.com/codes/washington/2009/title-42/42-17/42-17-645/	42.17.645 - Candidates for judicial office -- Special elections to fill vacancies -- Contribution limits -- Adjustments.
https://law.justia.com/codes/washington/2009/title-42/42-17/42-17-647/	42.17.647 - Rules.
https://law.justia.com/codes/washington/2009/title-42/42-17/42-17-650/	42.17.650 - Attribution and aggregation of family contributions.
https://law.justia.com/codes/washington/2009/title-42/42-17/42-17-660/	42.17.660 - Attribution of contributions by controlled entities.
https://law.justia.com/codes/washington/2009/title-42/42-17/42-17-670/	42.17.670 - Attribution of contributions generally -- "Earmarking."
https://law.justia.com/codes/washington/2009/title-42/42-17/42-17-680/	42.17.680 - Limitations on employers or labor organizations.
https://law.justia.com/codes/washington/2009/title-42/42-17/42-17-690/	42.17.690 - Changing monetary limits.
https://law.justia.com/codes/washington/2009/title-42/42-17/42-17-700/	42.17.700 - Contributions.
https://law.justia.com/codes/washington/2009/title-42/42-17/42-17-710/	42.17.710 - Time limit for state official to solicit or accept contributions.
https://law.justia.com/codes/washington/2009/title-42/42-17/42-17-720/	42.17.720 - Restriction on loans.
https://law.justia.com/codes/washington/2009/title-42/42-17/42-17-730/	42.17.730 - Contributions on behalf of another.
https://law.justia.com/codes/washington/2009/title-42/42-17/42-17-740/	42.17.740 - Certain contributions required to be by written instrument.
https://law.justia.com/codes/washington/2009/title-42/42-17/42-17-750/	42.17.750 - Solicitation of contributions by public officials or employees.
https://law.justia.com/codes/washington/2009/title-42/42-17/42-17-760/	42.17.760 - Agency shop fees as contributions.
https://law.justia.com/codes/washington/2009/title-42/42-17/42-17-770/	42.17.770 - Solicitation of endorsement fees.
https://law.justia.com/codes/washington/2009/title-42/42-17/42-17-780/	42.17.780 - Reimbursement for contributions.
https://law.justia.com/codes/washington/2009/title-42/42-17/42-17-790/	42.17.790 - Prohibition on use of contributions for a different office.
https://law.justia.com/codes/washington/2009/title-42/42-17/42-17-900/	42.17.900 - Effective date -- 1973 c 1.
https://law.justia.com/codes/washington/2009/title-42/42-17/42-17-910/	42.17.910 - Severability -- 1973 c 1.
https://law.justia.com/codes/washington/2009/title-42/42-17/42-17-911/	42.17.911 - Severability -- 1975 1st ex.s. c 294.
https://law.justia.com/codes/washington/2009/title-42/42-17/42-17-912/	42.17.912 - Severability -- 1975-'76 2nd ex.s. c 112.
https://law.justia.com/codes/washington/2009/title-42/42-17/42-17-920/	42.17.920 - Construction -- 1973 c 1.
https://law.justia.com/codes/washington/2009/title-42/42-17/42-17-930/	42.17.930 - Chapter, section headings not part of law.
https://law.justia.com/codes/washington/2009/title-42/42-17/42-17-940/	42.17.940 - Repealer -- 1973 c 1.
https://law.justia.com/codes/washington/2009/title-42/42-17/42-17-945/	42.17.945 - Construction -- 1975-'76 2nd ex.s. c 112.
https://law.justia.com/codes/washington/2009/title-42/42-17/42-17-950/	42.17.950 - Captions.
https://law.justia.com/codes/washington/2009/title-42/42-17/42-17-955/	42.17.955 - Short title -- 1993 c 2.
https://law.justia.com/codes/washington/2009/title-42/42-17/42-17-960/	42.17.960 - Effective date -- 1995 c 397.
https://law.justia.com/codes/washington/2009/title-42/42-17/42-17-961/	42.17.961 - Captions -- 1995 c 397.
https://law.justia.com/codes/washington/2009/title-42/42-17/42-17-962/	42.17.962 - Severability -- 1995 c 397.
https://law.justia.com/codes/washington/2009/title-42/42-17/42-17-963/	42.17.963 - Part headings not law -- 2005 c 445.
https://law.justia.com/codes/washington/2009/title-42/42-17/42-17-964/	42.17.964 - Severability -- 2005 c 445.
https://law.justia.com/codes/washington/2009/title-42/42-17/42-17-965/	42.17.965 - Effective dates -- 2005 c 445.
https://law.justia.com/codes/washington/2009/title-42/42-17/42-17-966/	42.17.966 - Severability -- 2006 c 348.