https://law.justia.com/codes/arkansas/2010/title-1/	Title 1 - General Provisions
https://law.justia.com/codes/arkansas/2010/title-2/	Title 2 - Agriculture
https://law.justia.com/codes/arkansas/2010/title-3/	Title 3 - Alcoholic Beverages
https://law.justia.com/codes/arkansas/2010/title-4/	Title 4 - Business and Commercial Law
https://law.justia.com/codes/arkansas/2010/title-5/	Title 5 - Criminal Offenses
https://law.justia.com/codes/arkansas/2010/title-6/	Title 6 - Education
https://law.justia.com/codes/arkansas/2010/title-7/	Title 7 - Elections
https://law.justia.com/codes/arkansas/2010/title-8/	Title 8 - Environmental Law
https://law.justia.com/codes/arkansas/2010/title-9/	Title 9 - Family Law
https://law.justia.com/codes/arkansas/2010/title-10/	Title 10 - General Assembly
https://law.justia.com/codes/arkansas/2010/title-11/	Title 11 - Labor and Industrial Relations
https://law.justia.com/codes/arkansas/2010/title-12/	Title 12 - Law Enforcement, Emergency Management, And Military Affairs
https://law.justia.com/codes/arkansas/2010/title-13/	Title 13 - Libraries, Archives, And Cultural Resources
https://law.justia.com/codes/arkansas/2010/title-14/	Title 14 - Local Government
https://law.justia.com/codes/arkansas/2010/title-15/	Title 15 - Natural Resources and Economic Development
https://law.justia.com/codes/arkansas/2010/title-16/	Title 16 - Practice, Procedure, And Courts
https://law.justia.com/codes/arkansas/2010/title-17/	Title 17 - Professions, Occupations, and Businesses
https://law.justia.com/codes/arkansas/2010/title-18/	Title 18 - Property
https://law.justia.com/codes/arkansas/2010/title-19/	Title 19 - Public Finance
https://law.justia.com/codes/arkansas/2010/title-20/	Title 20 - Public Health And Welfare
https://law.justia.com/codes/arkansas/2010/title-21/	Title 21 - Public Officers and Employees
https://law.justia.com/codes/arkansas/2010/title-22/	Title 22 - Public Property
https://law.justia.com/codes/arkansas/2010/title-23/	Title 23 - Public Utilities and Regulated Industries
https://law.justia.com/codes/arkansas/2010/title-24/	Title 24 - Retirement And Pensions
https://law.justia.com/codes/arkansas/2010/title-25/	Title 25 - State Government
https://law.justia.com/codes/arkansas/2010/title-26/	Title 26 - Taxation
https://law.justia.com/codes/arkansas/2010/title-27/	Title 27 - Transportation
https://law.justia.com/codes/arkansas/2010/title-28/	Title 28 - Wills, Estates, and Fiduciary Relationships