https://law.justia.com/codes/nebraska/2025/chapter-1/	Chapter 1 - Accountants
https://law.justia.com/codes/nebraska/2025/chapter-2/	Chapter 2 - Agriculture
https://law.justia.com/codes/nebraska/2025/chapter-3/	Chapter 3 - Aeronautics
https://law.justia.com/codes/nebraska/2025/chapter-4/	Chapter 4 - Aliens
https://law.justia.com/codes/nebraska/2025/chapter-5/	Chapter 5 - Apportionment
https://law.justia.com/codes/nebraska/2025/chapter-6/	Chapter 6 - Assignment for Creditors
https://law.justia.com/codes/nebraska/2025/chapter-7/	Chapter 7 - Attorneys at Law
https://law.justia.com/codes/nebraska/2025/chapter-8/	Chapter 8 - Banks and Banking
https://law.justia.com/codes/nebraska/2025/chapter-9/	Chapter 9 - Bingo and Other Gambling
https://law.justia.com/codes/nebraska/2025/chapter-10/	Chapter 10 - Bonds
https://law.justia.com/codes/nebraska/2025/chapter-11/	Chapter 11 - Bonds and Oaths, Official
https://law.justia.com/codes/nebraska/2025/chapter-12/	Chapter 12 - Cemeteries
https://law.justia.com/codes/nebraska/2025/chapter-13/	Chapter 13 - Cities, Counties, and Other Political Subdivisions
https://law.justia.com/codes/nebraska/2025/chapter-14/	Chapter 14 - Cities of the Metropolitan Class
https://law.justia.com/codes/nebraska/2025/chapter-15/	Chapter 15 - Cities of the Primary Class
https://law.justia.com/codes/nebraska/2025/chapter-16/	Chapter 16 - Cities of the First Class
https://law.justia.com/codes/nebraska/2025/chapter-17/	Chapter 17 - Cities of the Second Class and Villages
https://law.justia.com/codes/nebraska/2025/chapter-18/	Chapter 18 - Cities and Villages; Laws Applicable to All
https://law.justia.com/codes/nebraska/2025/chapter-19/	Chapter 19 - Cities and Villages; Laws Applicable to More Than One and Less Than All Classes
https://law.justia.com/codes/nebraska/2025/chapter-20/	Chapter 20 - Civil Rights
https://law.justia.com/codes/nebraska/2025/chapter-21/	Chapter 21 - Corporations and Other Companies
https://law.justia.com/codes/nebraska/2025/chapter-22/	Chapter 22 - Counties
https://law.justia.com/codes/nebraska/2025/chapter-23/	Chapter 23 - County Government and Officers
https://law.justia.com/codes/nebraska/2025/chapter-24/	Chapter 24 - Courts
https://law.justia.com/codes/nebraska/2025/chapter-25/	Chapter 25 - Courts; Civil Procedure
https://law.justia.com/codes/nebraska/2025/chapter-26/	Chapter 26 - Courts; Protection Orders
https://law.justia.com/codes/nebraska/2025/chapter-27/	Chapter 27 - Courts; Rules of Evidence
https://law.justia.com/codes/nebraska/2025/chapter-28/	Chapter 28 - Crimes and Punishments
https://law.justia.com/codes/nebraska/2025/chapter-29/	Chapter 29 - Criminal Procedure
https://law.justia.com/codes/nebraska/2025/chapter-30/	Chapter 30 - Decedents' Estates; Protection of Persons and Property
https://law.justia.com/codes/nebraska/2025/chapter-31/	Chapter 31 - Drainage
https://law.justia.com/codes/nebraska/2025/chapter-32/	Chapter 32 - Elections
https://law.justia.com/codes/nebraska/2025/chapter-33/	Chapter 33 - Fees and Salaries
https://law.justia.com/codes/nebraska/2025/chapter-34/	Chapter 34 - Fences, Boundaries, and Landmarks
https://law.justia.com/codes/nebraska/2025/chapter-35/	Chapter 35 - Fire Companies and Firefighters
https://law.justia.com/codes/nebraska/2025/chapter-36/	Chapter 36 - Fraud and Voidable Transactions
https://law.justia.com/codes/nebraska/2025/chapter-37/	Chapter 37 - Game and Parks
https://law.justia.com/codes/nebraska/2025/chapter-38/	Chapter 38 - Health Occupations and Professions
https://law.justia.com/codes/nebraska/2025/chapter-39/	Chapter 39 - Highways and Bridges
https://law.justia.com/codes/nebraska/2025/chapter-40/	Chapter 40 - Homesteads
https://law.justia.com/codes/nebraska/2025/chapter-41/	Chapter 41 - Hotels and Inns
https://law.justia.com/codes/nebraska/2025/chapter-42/	Chapter 42 - Households and Families
https://law.justia.com/codes/nebraska/2025/chapter-43/	Chapter 43 - Infants and Juveniles
https://law.justia.com/codes/nebraska/2025/chapter-44/	Chapter 44 - Insurance
https://law.justia.com/codes/nebraska/2025/chapter-45/	Chapter 45 - Interest, Loans, and Debt
https://law.justia.com/codes/nebraska/2025/chapter-46/	Chapter 46 - Irrigation and Regulation of Water
https://law.justia.com/codes/nebraska/2025/chapter-47/	Chapter 47 - Jails and Correctional Facilities
https://law.justia.com/codes/nebraska/2025/chapter-48/	Chapter 48 - Labor
https://law.justia.com/codes/nebraska/2025/chapter-49/	Chapter 49 - Law
https://law.justia.com/codes/nebraska/2025/chapter-50/	Chapter 50 - Legislature
https://law.justia.com/codes/nebraska/2025/chapter-51/	Chapter 51 - Libraries and Museums
https://law.justia.com/codes/nebraska/2025/chapter-52/	Chapter 52 - Liens
https://law.justia.com/codes/nebraska/2025/chapter-53/	Chapter 53 - Liquors
https://law.justia.com/codes/nebraska/2025/chapter-54/	Chapter 54 - Livestock
https://law.justia.com/codes/nebraska/2025/chapter-55/	Chapter 55 - Militia
https://law.justia.com/codes/nebraska/2025/chapter-56/	Chapter 56 - Milldams
https://law.justia.com/codes/nebraska/2025/chapter-57/	Chapter 57 - Minerals, Oil, and Gas
https://law.justia.com/codes/nebraska/2025/chapter-58/	Chapter 58 - Money and Financing
https://law.justia.com/codes/nebraska/2025/chapter-59/	Chapter 59 - Monopolies and Unlawful Restraint of Trade
https://law.justia.com/codes/nebraska/2025/chapter-60/	Chapter 60 - Motor Vehicles
https://law.justia.com/codes/nebraska/2025/chapter-61/	Chapter 61 - Natural Resources
https://law.justia.com/codes/nebraska/2025/chapter-62/	Chapter 62 - Negotiable Instruments
https://law.justia.com/codes/nebraska/2025/chapter-63/	Chapter 63 - Newspapers and Periodicals
https://law.justia.com/codes/nebraska/2025/chapter-64/	Chapter 64 - Notaries Public
https://law.justia.com/codes/nebraska/2025/chapter-65/	Chapter 65 - Oaths and Affirmations
https://law.justia.com/codes/nebraska/2025/chapter-66/	Chapter 66 - Oils, Fuels, and Energy
https://law.justia.com/codes/nebraska/2025/chapter-67/	Chapter 67 - Partnerships
https://law.justia.com/codes/nebraska/2025/chapter-68/	Chapter 68 - Public Assistance
https://law.justia.com/codes/nebraska/2025/chapter-69/	Chapter 69 - Personal Property
https://law.justia.com/codes/nebraska/2025/chapter-70/	Chapter 70 - Power Districts and Corporations
https://law.justia.com/codes/nebraska/2025/chapter-71/	Chapter 71 - Public Health and Welfare
https://law.justia.com/codes/nebraska/2025/chapter-72/	Chapter 72 - Public Lands, Buildings, and Funds
https://law.justia.com/codes/nebraska/2025/chapter-73/	Chapter 73 - Public Lettings and Contracts
https://law.justia.com/codes/nebraska/2025/chapter-74/	Chapter 74 - Railroads
https://law.justia.com/codes/nebraska/2025/chapter-75/	Chapter 75 - Public Service Commission
https://law.justia.com/codes/nebraska/2025/chapter-76/	Chapter 76 - Real Property
https://law.justia.com/codes/nebraska/2025/chapter-77/	Chapter 77 - Revenue and Taxation
https://law.justia.com/codes/nebraska/2025/chapter-78/	Chapter 78 - Salvages
https://law.justia.com/codes/nebraska/2025/chapter-79/	Chapter 79 - Schools
https://law.justia.com/codes/nebraska/2025/chapter-80/	Chapter 80 - Servicemembers and Veterans
https://law.justia.com/codes/nebraska/2025/chapter-81/	Chapter 81 - State Administrative Departments
https://law.justia.com/codes/nebraska/2025/chapter-82/	Chapter 82 - State Culture and History
https://law.justia.com/codes/nebraska/2025/chapter-83/	Chapter 83 - State Institutions
https://law.justia.com/codes/nebraska/2025/chapter-84/	Chapter 84 - State Officers
https://law.justia.com/codes/nebraska/2025/chapter-85/	Chapter 85 - State University, State Colleges, and Postsecondary Education
https://law.justia.com/codes/nebraska/2025/chapter-86/	Chapter 86 - Telecommunications and Technology
https://law.justia.com/codes/nebraska/2025/chapter-87/	Chapter 87 - Trade Practices
https://law.justia.com/codes/nebraska/2025/chapter-88/	Chapter 88 - Warehouses
https://law.justia.com/codes/nebraska/2025/chapter-89/	Chapter 89 - Weights and Measures
https://law.justia.com/codes/nebraska/2025/chapter-90/	Chapter 90 - Special Acts