lobbyist_id	principal_id	authorized_on	withdrawn_on	discovered_via	lobbyist_in_grid
11040	13090	2025-11-11		both	true
11041	11279	2025-01-06		both	true
11042	10937	2024-12-03		both	true
11042	11004	2024-12-10		both	true
11042	11102	2025-01-03		both	true
11042	11110	2024-12-13		both	true
11042	11158	2024-12-17		both	true
11042	11300	2024-12-20		both	true
11042	11590	2025-01-03		both	true
11042	11678	2025-01-07		both	true
11042	13214	2026-02-17		both	true
11043	10937	2024-12-03		both	true
11044	10936	2025-01-02		both	true
11045	10941	2024-12-10	2025-07-01	both	true
11045	11325	2025-08-13		both	true
11046	10938	2024-12-16		both	true
11047	10936	2025-01-02		both	true
11048	11570	2025-01-02		both	true
11049	10939	2024-12-03		both	true
11050	10940	2024-12-03		both	true
11051	10939	2024-12-03		both	true
11051	10942	2024-12-03		both	true
11051	10943	2024-12-03		both	true
11051	11099	2024-12-13		both	true
11051	11179	2024-12-17		both	true
11051	11444	2025-12-04		both	true
11051	11445	2025-12-04		both	true
11051	13174	2026-01-23		both	true
11052	11111	2024-12-13		both	true
11052	11162	2025-01-30		both	true
11052	11175	2024-12-19		both	true
11052	11192	2025-01-06		both	true
11052	11203	2024-12-26		both	true
11052	11469	2024-12-30		both	true
11052	11489	2024-12-30		both	true
11052	11508	2025-01-03		both	true
11052	11534	2025-01-02		both	true
11052	11599	2025-01-30		both	true
11052	11617	2025-06-12		both	true
11052	11622	2025-01-14		both	true
11052	11623	2025-01-14		both	true
11052	11633	2025-01-22		both	true
11052	11677	2025-01-07		both	true
11052	11700	2025-01-08		both	true
11052	11702	2025-01-08		both	true
11052	11710	2025-01-14		both	true
11052	11711	2025-01-08		both	true
11052	11712	2025-01-08		both	true
11052	11713	2025-01-08		both	true
11052	11715	2025-01-08		both	true
11052	11718	2025-01-08		both	true
11052	11721	2025-01-08		both	true
11052	11726	2025-01-09		both	true
11052	11727	2025-01-09		both	true
11052	11728	2025-01-09		both	true
11052	11735	2025-01-10		both	true
11052	11736	2025-01-10		both	true
11052	11740	2025-01-10		both	true
11052	12782	2025-01-13		both	true
11052	12856	2025-01-28		both	true
11052	12892	2025-01-31		both	true
11052	12975	2025-03-20		both	true
11052	13025	2025-06-05		both	true
11052	13067	2025-09-04		both	true
11052	13084	2025-10-09		both	true
11052	13085	2025-10-23		both	true
11052	13098	2025-10-22		both	true
11052	13147	2026-01-06		both	true
11052	13189	2026-02-02		both	true
11053	10945	2024-12-05		both	true
11054	10944	2025-01-07		both	true
11055	10948	2024-12-09		both	true
11056	11014	2024-12-13		both	true
11056	11015	2024-12-13		both	true
11056	11016	2024-12-13		both	true
11056	11143	2024-12-18		both	true
11056	11144	2024-12-18		both	true
11056	11154	2024-12-18		both	true
11056	11257	2024-12-30		both	true
11056	11313	2024-12-23		both	true
11056	13217	2026-02-19		both	true
11057	10945	2024-12-12		both	true
11057	11068	2024-12-16		both	true
11057	11070	2024-12-11		both	true
11057	11221	2024-12-20		both	true
11057	11247	2024-12-18		both	true
11057	11248	2025-01-02	2025-03-05	both	true
11057	12886	2025-01-30		both	true
11058	10994	2024-12-05		both	true
11060	10948	2025-01-10		both	true
11061	10949	2024-12-09	2025-01-23	both	true
11062	10953	2025-01-02		both	true
11062	11562	2025-01-02		both	true
11063	10952	2024-12-05		both	true
11064	10956	2024-12-05	2025-06-23	both	true
11064	11541	2025-01-02		both	true
11064	12958	2025-03-10		both	true
11064	13026	2025-06-11		both	true
11065	12779	2025-05-21		both	true
11066	10957	2025-01-06		both	true
11067	10958	2024-12-05		both	true
11068	10959	2024-12-05		both	true
11070	10960	2024-12-05		both	true
11071	10961	2024-12-05		both	true
11072	10960	2024-12-05		both	true
11072	10963	2024-12-05		both	true
11072	10965	2024-12-05		both	true
11072	10966	2024-12-05		both	true
11072	10967	2024-12-05		both	true
11072	11211	2024-12-23		both	true
11073	10963	2024-12-05		both	true
11074	10965	2024-12-05	2025-07-24	both	true
11077	11091	2024-12-18	2025-12-22	both	true
11078	10969	2024-12-05	2026-01-01	both	true
11079	11092	2024-12-20		both	true
11081	10986	2024-12-05		both	true
11081	11013	2025-01-07		both	true
11081	11067	2025-01-07		both	true
11081	11112	2024-12-23		both	true
11081	11138	2024-12-17		both	true
11081	11156	2024-12-16		both	true
11081	11353	2024-12-26		both	true
11081	11376	2025-01-02		both	true
11081	11378	2025-01-02		both	true
11081	11452	2024-12-30		both	true
11081	11487	2025-01-02		both	true
11081	11522	2025-01-02		both	true
11081	11523	2025-01-02		both	true
11081	11524	2025-01-06		both	true
11081	11525	2025-01-02		both	true
11081	11526	2025-01-02		both	true
11081	11527	2025-01-02		both	true
11081	11528	2025-01-02		both	true
11081	11529	2025-01-07		both	true
11081	11531	2025-01-02		both	true
11081	11532	2025-01-02		both	true
11081	11533	2025-01-02		both	true
11081	11589	2025-01-08		both	true
11081	11594	2025-01-06		both	true
11081	11633	2025-01-22		both	true
11081	11639	2025-01-07		both	true
11081	11655	2025-01-07		both	true
11081	12782	2025-01-13		both	true
11082	10936	2025-01-02		both	true
11082	10941	2024-12-10		both	true
11082	10954	2024-12-10		both	true
11082	10968	2024-12-10		both	true
11082	10978	2025-05-06		both	true
11082	11011	2025-01-15		both	true
11082	11067	2025-01-07		both	true
11082	11112	2024-12-23		both	true
11082	11138	2024-12-17		both	true
11082	11226	2024-12-30		both	true
11082	11379	2025-01-02		both	true
11082	11406	2024-12-30	2025-06-23	both	true
11082	11487	2025-01-02		both	true
11082	11522	2025-01-02		both	true
11082	11523	2025-01-02		both	true
11082	11524	2025-01-06		both	true
11082	11526	2025-01-02		both	true
11082	11527	2025-01-02		both	true
11082	11529	2025-01-02		both	true
11082	11530	2025-01-02		both	true
11082	11532	2025-01-02		both	true
11082	11533	2025-01-02		both	true
11082	11589	2025-01-03		both	true
11082	11603	2025-01-06		both	true
11082	11604	2025-01-06		both	true
11082	11605	2025-01-06		both	true
11082	11633	2025-01-22		both	true
11082	11639	2025-01-07		both	true
11082	12822	2025-01-21		both	true
11082	12855	2025-02-20		both	true
11082	13039	2026-03-03		both	true
11082	13048	2025-08-11		both	true
11082	13106	2025-10-31		both	true
11082	13123	2026-01-13		both	true
11083	10984	2024-12-05	2025-11-20	both	true
11083	11215	2024-12-18	2025-11-21	both	true
11083	11216	2024-12-18	2025-11-24	both	true
11083	11217	2024-12-18	2025-11-24	both	true
11083	11218	2024-12-20		both	true
11083	11224	2024-12-18		both	true
11083	11251	2024-12-18	2025-11-24	both	true
11083	11252	2024-12-18	2025-11-21	both	true
11083	11254	2024-12-18	2025-11-21	both	true
11083	11329	2025-04-16	2025-11-21	both	true
11083	11362	2024-12-26	2025-11-21	both	true
11083	11372	2025-01-07	2025-11-24	both	true
11083	11600	2025-01-21	2025-11-24	both	true
11083	11679	2025-01-07	2025-11-21	both	true
11083	11695	2025-01-08	2025-11-21	both	true
11083	11729	2025-01-22	2025-11-21	both	true
11083	11737	2025-01-10	2025-11-24	both	true
11083	11766	2025-01-10	2025-12-01	both	true
11083	12805	2025-01-16	2025-11-21	both	true
11083	12821	2025-01-21	2025-12-01	both	true
11083	12954	2025-03-04		both	true
11083	12999	2025-05-05	2025-11-21	both	true
11084	10963	2024-12-09		both	true
11085	10970	2024-12-05	2025-06-02	both	true
11086	10969	2024-12-05	2026-01-01	both	true
11087	11010	2025-01-13		both	true
11088	11138	2024-12-17	2025-07-23	both	true
11089	10970	2024-12-05		both	true
11090	11018	2024-12-17		both	true
11091	11028	2024-12-12		both	true
11091	11107	2024-12-20		both	true
11091	11113	2024-12-20		both	true
11091	11114	2024-12-20		both	true
11091	11116	2024-12-30		both	true
11091	11117	2024-12-30		both	true
11091	11119	2024-12-20		both	true
11091	11120	2024-12-20		both	true
11091	11121	2024-12-30		both	true
11091	11122	2024-12-30		both	true
11091	11123	2024-12-20		both	true
11091	11124	2024-12-30		both	true
11091	11125	2024-12-30		both	true
11091	11126	2025-05-06		both	true
11091	11127	2024-12-20		both	true
11091	11128	2024-12-20		both	true
11091	11129	2024-12-20		both	true
11091	11130	2025-01-10		both	true
11091	11131	2024-12-20	2026-02-10	both	true
11091	11132	2024-12-20		both	true
11091	11133	2025-01-08		both	true
11091	11134	2025-01-08		both	true
11091	11135	2025-01-14		both	true
11091	11361	2025-01-08		both	true
11091	11427	2025-01-21		both	true
11091	11558	2025-01-08		both	true
11091	11561	2025-01-08		both	true
11091	11572	2025-01-08		both	true
11091	12820	2025-09-22		both	true
11091	12848	2025-01-28		both	true
11091	12994	2025-04-30		both	true
11091	13012	2025-05-22		both	true
11091	13037	2025-07-01		both	true
11091	13070	2025-09-23		both	true
11091	13119	2025-11-12		both	true
11091	13204	2026-02-04	2026-02-05	both	true
11092	10975	2024-12-11		both	true
11093	11028	2024-12-12		both	true
11093	11107	2024-12-20		both	true
11093	11113	2024-12-20		both	true
11093	11114	2024-12-20		both	true
11093	11116	2024-12-30		both	true
11093	11117	2024-12-30		both	true
11093	11119	2024-12-20		both	true
11093	11120	2024-12-20		both	true
11093	11121	2024-12-30		both	true
11093	11122	2024-12-30		both	true
11093	11123	2024-12-20		both	true
11093	11124	2024-12-30		both	true
11093	11125	2024-12-30		both	true
11093	11126	2025-05-06		both	true
11093	11127	2024-12-20		both	true
11093	11128	2024-12-20		both	true
11093	11129	2024-12-20		both	true
11093	11130	2025-01-10		both	true
11093	11131	2024-12-20	2026-02-10	both	true
11093	11132	2024-12-20		both	true
11093	11133	2025-01-08		both	true
11093	11134	2025-01-08		both	true
11093	11135	2025-01-14		both	true
11093	11361	2025-01-08		both	true
11093	11427	2025-01-21		both	true
11093	11558	2025-01-08		both	true
11093	11561	2025-01-08		both	true
11093	11572	2025-01-08		both	true
11093	12820	2025-09-22		both	true
11093	12848	2025-01-28		both	true
11093	12994	2025-04-30		both	true
11093	13012	2025-05-22		both	true
11093	13037	2025-07-01		both	true
11093	13070	2025-09-23		both	true
11093	13119	2025-11-12		both	true
11093	13160	2026-01-16		both	true
11093	13204	2026-02-04	2026-02-05	both	true
11094	10976	2024-12-10		both	true
11094	10977	2024-12-10		both	true
11094	11059	2024-12-10		both	true
11094	11060	2024-12-10		both	true
11094	11063	2024-12-10		both	true
11094	11208	2024-12-17		both	true
11094	11424	2025-01-10		both	true
11094	11425	2025-01-10		both	true
11094	11625	2025-01-06		both	true
11094	12953	2025-03-04		both	true
11094	13139	2026-01-07		both	true
11095	11059	2024-12-10		both	true
11096	11060	2024-12-10		both	true
11096	11208	2024-12-17		both	true
11096	11270	2025-01-03	2025-06-26	both	true
11096	11424	2025-01-10		both	true
11096	11425	2025-01-10		both	true
11096	11625	2025-01-06		both	true
11096	11626	2025-01-06		both	true
11096	11627	2025-01-06		both	true
11096	12953	2025-03-04		both	true
11096	13139	2026-01-07		both	true
11097	10979	2024-12-20		both	true
11098	10940	2026-03-10		both	true
11098	10941	2024-12-10		both	true
11098	10973	2024-12-06	2025-09-09	both	true
11098	11318	2024-12-23		both	true
11098	11330	2025-01-23		both	true
11098	11357	2024-12-26		both	true
11098	11371	2025-02-25		both	true
11098	11422	2024-12-30		both	true
11098	11423	2024-12-30		both	true
11098	11426	2024-12-30		both	true
11098	11427	2025-01-21		both	true
11098	11541	2025-01-06		both	true
11098	11564	2025-01-15		both	true
11098	11607	2025-01-21		both	true
11098	11738	2025-01-29		both	true
11098	12784	2025-01-13		both	true
11098	12815	2025-01-21		both	true
11098	12845	2025-01-28		both	true
11098	12931	2025-02-26	2026-03-20	both	true
11098	13009	2025-05-21	2025-07-31	both	true
11098	13149	2026-01-06		both	true
11098	13159	2026-03-10		both	true
11099	10978	2024-12-23		both	true
11099	11416	2026-01-07		both	true
11099	11636	2025-01-08	2026-02-02	both	true
11099	13149	2026-01-06		both	true
11100	10980	2024-12-05	2025-06-04	both	true
11101	10984	2024-12-05		both	true
11101	11218	2024-12-20	2026-01-09	both	true
11101	11251	2024-12-18	2026-01-22	both	true
11101	11329	2025-04-16		both	true
11101	11737	2025-01-10		both	true
11102	10984	2024-12-05		both	true
11102	11215	2024-12-18		both	true
11102	11217	2024-12-18	2025-11-24	both	true
11102	11252	2024-12-18		both	true
11102	11254	2024-12-18		both	true
11102	11729	2025-01-22		both	true
11102	11766	2025-01-10		both	true
11102	12821	2025-01-21		both	true
11103	11654	2025-01-13		both	true
11104	10986	2024-12-05	2025-10-01	both	true
11105	10987	2025-03-20		both	true
11107	10936	2025-01-02		both	true
11107	10954	2024-12-10		both	true
11107	10968	2024-12-10		both	true
11107	10986	2025-01-02		both	true
11107	11013	2025-01-21		both	true
11107	11067	2025-01-07		both	true
11107	11112	2024-12-23		both	true
11107	11138	2024-12-17		both	true
11107	11156	2024-12-16		both	true
11107	11334	2024-12-26		both	true
11107	11379	2025-01-02		both	true
11107	11487	2025-01-02		both	true
11107	11522	2025-01-02		both	true
11107	11524	2025-01-06		both	true
11107	11525	2025-01-02		both	true
11107	11526	2025-01-02		both	true
11107	11527	2025-01-02		both	true
11107	11528	2025-01-02		both	true
11107	11529	2025-01-07		both	true
11107	11532	2025-01-02		both	true
11107	11533	2025-01-02		both	true
11107	11589	2025-01-03		both	true
11107	11594	2025-01-06		both	true
11107	11603	2025-01-06		both	true
11107	11604	2025-01-06		both	true
11107	11605	2025-01-06		both	true
11107	11633	2025-01-22		both	true
11107	11639	2025-01-07		both	true
11107	11683	2025-01-07		both	true
11107	11685	2025-01-07		both	true
11107	11716	2025-01-10		both	true
11107	12855	2025-02-20		both	true
11107	13039	2025-07-08		both	true
11107	13106	2025-10-31		both	true
11107	13123	2026-01-13		both	true
11108	11066	2024-12-11		both	true
11109	10989	2024-12-05		both	true
11110	10998	2024-12-11		both	true
11110	11094	2024-12-12		both	true
11110	11439	2024-12-30		both	true
11110	11440	2024-12-30		both	true
11110	11441	2024-12-30		both	true
11110	11492	2024-12-30		both	true
11110	11502	2025-01-02		both	true
11110	11504	2025-01-02	2026-05-22	both	true
11110	11536	2025-01-02		both	true
11110	11537	2025-01-02		both	true
11110	11538	2025-01-02		both	true
11110	13000	2025-05-06		both	true
11112	10956	2025-06-11		both	true
11112	10978	2024-12-23	2025-02-17	both	true
11112	10984	2025-12-04		both	true
11112	11091	2024-12-18		both	true
11112	11320	2024-12-23	2025-02-10	both	true
11112	11324	2024-12-23	2025-02-10	both	true
11112	11330	2025-01-23	2025-03-31	both	true
11112	11405	2024-12-27	2025-02-10	both	true
11112	11407	2024-12-27	2025-02-07	both	true
11112	11413	2024-12-27	2025-02-10	both	true
11112	11415			both	true
11112	11427	2025-01-21	2025-03-03	both	true
11112	11607	2025-01-21	2025-04-04	both	true
11112	11636	2025-01-08	2025-02-10	both	true
11112	11695	2025-12-11		both	true
11112	11729	2025-12-11		both	true
11112	11756	2025-01-10	2025-04-07	both	true
11112	11766	2025-12-11		both	true
11112	12815	2025-01-21	2025-04-04	both	true
11112	12821	2025-12-03		both	true
11112	12999	2025-05-05		both	true
11112	13028	2025-06-13		both	true
11112	13059	2025-09-09		both	true
11112	13111	2026-05-01		both	true
11112	13132	2025-12-18		both	true
11113	10973	2024-12-06	2025-09-09	both	true
11113	11299	2025-01-02		both	true
11113	11321	2024-12-23		both	true
11113	11348	2024-12-30	2026-02-02	both	true
11113	11355	2024-12-26		both	true
11113	11413	2024-12-27	2025-06-25	both	true
11113	11415	2024-12-27	2026-03-16	both	true
11113	11422	2024-12-30		both	true
11113	11423	2024-12-30		both	true
11113	11607	2025-01-21		both	true
11113	11738	2025-01-29		both	true
11113	12815	2025-01-21		both	true
11113	13158	2026-01-20		both	true
11113	13196	2026-02-02		both	true
11114	11064	2024-12-10	2025-07-22	both	true
11114	11091	2024-12-18		both	true
11114	11271	2024-12-19	2025-01-01	both	true
11114	11321	2024-12-23		both	true
11114	11355	2025-07-21		both	true
11114	11357	2024-12-26		both	true
11114	11407	2025-02-07		both	true
11114	11416	2024-12-27		both	true
11114	11541	2025-01-02		both	true
11114	11550	2025-01-02		both	true
11114	11722	2025-01-08		both	true
11114	13009	2025-05-20	2025-07-31	both	true
11115	10996	2024-12-05		both	true
11116	11207	2024-12-17		both	true
11117	10997	2024-12-05		both	true
11119	10941	2024-12-10		both	true
11119	10978	2024-12-23	2026-01-30	both	true
11119	11052	2024-12-10		both	true
11119	11102	2025-01-03		both	true
11119	11110	2024-12-13		both	true
11119	11299	2025-01-02		both	true
11119	11318	2024-12-23		both	true
11119	11330	2025-01-23		both	true
11119	11348	2024-12-30	2026-02-02	both	true
11119	11371	2025-02-25		both	true
11119	11422	2024-12-30		both	true
11119	11426	2024-12-30		both	true
11119	11427	2025-01-21		both	true
11119	11493	2025-02-25		both	true
11119	11636	2025-01-08	2026-02-02	both	true
11119	11720	2025-01-08		both	true
11119	11730	2025-01-10		both	true
11119	11756	2025-01-10		both	true
11119	11762	2025-01-10		both	true
11119	11763	2025-01-10		both	true
11119	11765	2025-01-10		both	true
11119	12784	2025-01-13		both	true
11119	12805	2026-01-06		both	true
11119	12808	2025-01-23		both	true
11119	12837	2025-05-21		both	true
11119	12920	2025-02-07	2026-02-02	both	true
11119	12931	2025-02-19	2026-03-20	both	true
11119	12941	2025-02-26	2026-02-02	both	true
11119	13020	2025-06-05		both	true
11119	13118	2025-11-10		both	true
11119	13131	2025-12-15		both	true
11119	13138	2025-12-22		both	true
11120	10998	2025-01-07		both	true
11121	11000	2024-12-05		both	true
11124	10984	2025-02-11		both	true
11124	11215	2024-12-18		both	true
11124	11216	2024-12-18		both	true
11124	11217	2024-12-18	2025-11-24	both	true
11124	11252	2024-12-18		both	true
11124	11254	2024-12-18		both	true
11124	11362	2024-12-26		both	true
11124	11372	2025-01-07	2025-12-09	both	true
11124	11600	2025-01-07		both	true
11124	11679	2025-01-07	2025-12-09	both	true
11124	11695	2025-01-08		both	true
11124	11729	2025-01-22		both	true
11124	11766	2025-01-10		both	true
11124	12805	2025-01-16	2025-12-09	both	true
11124	12821	2025-01-21		both	true
11124	13132	2025-12-18		both	true
11128	10954	2024-12-10		both	true
11129	11002	2024-12-05		both	true
11130	10985	2024-12-06		both	true
11131	10985	2024-12-06		both	true
11132	10985	2024-12-06		both	true
11133	10985	2024-12-06		both	true
11135	11008	2025-07-22		both	true
11136	11007	2025-01-02		both	true
11137	11052	2024-12-10		both	true
11137	11110	2024-12-13		both	true
11137	11318	2024-12-23		both	true
11137	11348	2024-12-30	2026-02-02	both	true
11137	11357	2024-12-26		both	true
11137	11407	2025-02-07		both	true
11137	11413	2025-04-04	2025-06-25	both	true
11137	11763	2025-01-10		both	true
11137	11765	2025-01-10		both	true
11137	12808	2025-01-23		both	true
11137	13009	2025-05-21	2025-07-31	both	true
11137	13158	2026-03-10		both	true
11138	10936	2025-01-02		both	true
11138	11042	2024-12-13		both	true
11138	11044	2025-02-04		both	true
11138	11046	2024-12-13		both	true
11138	11061	2024-12-13		both	true
11138	11062	2024-12-13		both	true
11138	11290	2024-12-20		both	true
11138	11705	2025-01-08		both	true
11139	11017	2024-12-09	2025-09-02	both	true
11140	11064	2024-12-10		both	true
11140	11271	2024-12-19	2026-01-27	both	true
11140	11320	2024-12-23	2025-01-31	both	true
11140	11355	2024-12-26	2025-01-31	both	true
11140	11370	2024-12-26		both	true
11140	11407	2024-12-27	2025-01-31	both	true
11140	11411	2024-12-27		both	true
11140	11498	2025-01-02	2025-01-31	both	true
11140	13007	2025-11-28		both	true
11141	10961	2024-12-11		both	true
11141	10990	2025-01-02		both	true
11141	11083	2024-12-20		both	true
11141	11292	2025-01-02		both	true
11141	11293	2025-01-02		both	true
11141	11316	2024-12-23		both	true
11141	11373	2024-12-26		both	true
11141	11374	2024-12-26	2026-01-02	both	true
11141	11380	2025-01-02		both	true
11141	11381	2025-01-02		both	true
11141	11382	2025-01-02		both	true
11141	11383	2025-01-02		both	true
11141	11384	2025-01-02		both	true
11141	11385	2025-01-02		both	true
11141	11386	2025-01-02		both	true
11141	11387	2025-01-02		both	true
11141	11388	2025-01-02		both	true
11141	11389	2025-01-02		both	true
11141	11541	2025-01-02		both	true
11141	11576	2025-01-02		both	true
11141	11708	2025-01-08		both	true
11141	11717	2025-01-10		both	true
11141	11753	2025-01-10		both	true
11141	12802	2025-01-15		both	true
11141	12822	2025-01-21		both	true
11141	12857	2025-01-28		both	true
11141	12877	2025-01-30		both	true
11141	12932	2025-02-20	2026-05-01	both	true
11141	12944	2025-02-26		both	true
11141	13001	2026-02-10		both	true
11141	13023	2025-06-03		both	true
11141	13039	2026-03-03		both	true
11141	13207	2026-02-06		both	true
11142	11390	2024-12-30	2025-09-08	both	true
11142	11391	2025-01-08		both	true
11142	11392	2025-01-10		both	true
11142	11395	2025-01-06		both	true
11142	11397	2025-01-06		both	true
11142	11399	2025-01-06		both	true
11142	11400	2024-12-30		both	true
11142	11401	2025-01-06		both	true
11142	11402	2025-01-06		both	true
11142	11403	2024-12-30		both	true
11142	12867	2025-03-10		both	true
11143	11021	2024-12-09		both	true
11144	11020	2024-12-09		both	true
11145	11023	2024-12-19		both	true
11145	11336	2024-12-26		both	true
11146	10998	2024-12-11		both	true
11146	11000	2025-01-06		both	true
11146	11459	2024-12-30		both	true
11146	11460	2024-12-30		both	true
11146	11464	2024-12-30		both	true
11146	11465	2024-12-30		both	true
11146	11468	2024-12-30		both	true
11146	11471	2024-12-30		both	true
11146	11495	2025-01-13		both	true
11146	11767	2025-01-31	2026-01-16	both	true
11147	10936	2025-01-02		both	true
11147	10941	2024-12-10		both	true
11147	10954	2024-12-10		both	true
11147	10968	2024-12-10		both	true
11147	10986	2025-01-02		both	true
11147	11011	2025-01-15		both	true
11147	11067	2025-01-07		both	true
11147	11112	2024-12-23		both	true
11147	11138	2024-12-17		both	true
11147	11334	2024-12-26		both	true
11147	11379	2025-01-02		both	true
11147	11487	2025-01-02		both	true
11147	11522	2025-01-02		both	true
11147	11523	2025-01-02		both	true
11147	11524	2025-01-06		both	true
11147	11526	2025-01-02		both	true
11147	11527	2025-01-02		both	true
11147	11529	2025-01-02		both	true
11147	11530	2025-01-02		both	true
11147	11532	2025-01-02		both	true
11147	11533	2025-01-02		both	true
11147	11589	2025-01-03		both	true
11147	11603	2025-01-06		both	true
11147	11604	2025-01-06		both	true
11147	11605	2025-01-06		both	true
11147	11633	2025-01-22		both	true
11147	11639	2025-01-07		both	true
11147	12822	2025-01-21		both	true
11147	12855	2025-02-20		both	true
11147	13039	2026-03-03		both	true
11147	13106	2025-10-31		both	true
11147	13123	2026-01-13		both	true
11150	11312	2024-12-23		both	true
11150	11451	2025-03-12		both	true
11150	11478	2025-03-12		both	true
11150	11586	2025-01-07		both	true
11150	11602	2025-01-06		both	true
11150	11609	2025-03-12		both	true
11150	12871	2025-02-21		both	true
11151	11026	2024-12-09		both	true
11151	11028	2024-12-09		both	true
11152	11111	2025-01-16		both	true
11152	11162	2025-01-30		both	true
11152	11192	2025-01-06		both	true
11152	11489	2025-01-15		both	true
11152	11508	2025-01-03		both	true
11152	11534	2025-01-02		both	true
11152	11599	2025-01-30		both	true
11152	11622	2025-01-14		both	true
11152	11623	2025-01-14		both	true
11152	11633	2025-01-22		both	true
11152	11677	2025-01-07		both	true
11152	11700	2025-01-08		both	true
11152	11702	2025-01-08		both	true
11152	11710	2025-01-14		both	true
11152	11711	2025-01-08		both	true
11152	11712	2025-01-08		both	true
11152	11713	2025-01-08		both	true
11152	11715	2025-01-08		both	true
11152	11718	2025-01-08		both	true
11152	11726	2025-01-09		both	true
11152	11727	2025-01-10		both	true
11152	11728	2025-01-09		both	true
11152	11735	2025-01-10		both	true
11152	11736	2025-01-10		both	true
11152	11740	2025-01-10		both	true
11152	12856	2025-01-28		both	true
11152	12892	2025-01-31		both	true
11152	12975	2025-03-20		both	true
11152	13025	2025-06-05		both	true
11152	13067	2025-09-04		both	true
11152	13084	2025-10-09		both	true
11152	13085	2025-10-23		both	true
11152	13147	2026-01-06		both	true
11153	10936	2025-01-02		both	true
11153	11042	2024-12-13		both	true
11153	11044	2025-02-04		both	true
11153	11046	2024-12-13		both	true
11153	11061	2024-12-13		both	true
11153	11062	2024-12-13		both	true
11153	11290	2024-12-20		both	true
11153	11705	2025-01-08		both	true
11154	11197	2024-12-17		both	true
11155	11031	2024-12-16		both	true
11156	11030	2024-12-10		both	true
11157	10954	2024-12-10		both	true
11158	11312	2024-12-23		both	true
11158	11586	2025-01-07		both	true
11158	11609	2025-03-12		both	true
11158	12871	2025-02-21		both	true
11159	11197	2024-12-17		both	true
11160	11031	2024-12-16		both	true
11161	11036	2024-12-16		both	true
11162	11037	2024-12-10		both	true
11163	10990	2025-01-02		both	true
11163	10998	2024-12-11		both	true
11163	11292	2025-01-02		both	true
11163	11293	2025-01-02		both	true
11163	11316	2024-12-23		both	true
11163	11317	2024-12-23		both	true
11163	11373	2024-12-26		both	true
11163	11374	2024-12-26	2026-01-02	both	true
11163	11380	2025-01-02		both	true
11163	11381	2025-01-02		both	true
11163	11382	2025-01-02		both	true
11163	11383	2025-01-02		both	true
11163	11384	2025-01-02		both	true
11163	11385	2025-01-02		both	true
11163	11386	2025-01-02		both	true
11163	11387	2025-01-02		both	true
11163	11388	2025-01-02		both	true
11163	11389	2025-01-02		both	true
11163	11541	2025-01-02		both	true
11163	11576	2025-01-02		both	true
11163	11708	2025-01-08		both	true
11163	11717	2025-01-10		both	true
11163	11720	2025-01-08		both	true
11163	11753	2025-01-10		both	true
11163	12802	2025-01-15		both	true
11163	12822	2026-01-23		both	true
11163	12857	2026-02-13		both	true
11163	12877	2025-01-30		both	true
11163	12932	2025-02-20	2026-05-01	both	true
11163	12944	2025-02-26		both	true
11163	13001	2026-02-10		both	true
11163	13023	2025-06-03		both	true
11163	13039	2026-03-03		both	true
11163	13207	2026-02-06		both	true
11164	11038	2024-12-10		both	true
11164	11039	2024-12-10		both	true
11164	11040	2024-12-10		both	true
11164	11041	2024-12-10		both	true
11164	11047	2024-12-10		both	true
11164	11048	2024-12-10	2025-06-30	both	true
11164	11049	2024-12-10		both	true
11164	11050	2024-12-10		both	true
11164	12989	2025-05-12		both	true
11165	11038	2024-12-10		both	true
11165	11039	2024-12-10		both	true
11165	11040	2024-12-10		both	true
11165	11041	2024-12-10		both	true
11165	11047	2024-12-10		both	true
11165	11048	2024-12-10	2025-06-30	both	true
11165	11049	2024-12-10		both	true
11165	11050	2024-12-10		both	true
11165	12989	2025-05-12		both	true
11166	11045	2024-12-10		both	true
11167	11320	2024-12-23	2025-07-23	both	true
11167	11324	2024-12-23		both	true
11167	11405	2024-12-27	2025-05-01	both	true
11167	11408	2024-12-27		both	true
11167	11498	2025-01-02		both	true
11167	13034	2025-07-02		both	true
11167	13158	2026-01-20		both	true
11167	13196	2026-02-02		both	true
11169	11018	2024-12-11		both	true
11170	11018	2024-12-11		both	true
11170	11767	2026-05-08		both	true
11173	11036	2024-12-16		both	true
11174	10968	2025-07-16		both	true
11176	11050	2024-12-10		both	true
11177	11028	2024-12-12		both	true
11177	11107	2024-12-20		both	true
11177	11113	2024-12-20		both	true
11177	11114	2024-12-20		both	true
11177	11116	2024-12-30		both	true
11177	11117	2024-12-30		both	true
11177	11119	2024-12-20		both	true
11177	11120	2024-12-20		both	true
11177	11121	2024-12-30		both	true
11177	11122	2024-12-30		both	true
11177	11123	2024-12-20		both	true
11177	11124	2024-12-30		both	true
11177	11125	2024-12-30		both	true
11177	11126	2025-05-06		both	true
11177	11127	2024-12-20		both	true
11177	11128	2024-12-20		both	true
11177	11129	2024-12-20		both	true
11177	11130	2025-01-10		both	true
11177	11131	2024-12-20	2026-02-10	both	true
11177	11132	2024-12-20		both	true
11177	11133	2025-01-08		both	true
11177	11134	2025-01-08		both	true
11177	11135	2025-01-14		both	true
11177	11361	2025-01-08		both	true
11177	11427	2025-01-21		both	true
11177	11558	2025-01-08		both	true
11177	11561	2025-01-08		both	true
11177	11572	2025-01-08		both	true
11177	12820	2025-09-22		both	true
11177	12848	2025-01-28		both	true
11177	12994	2025-04-30		both	true
11177	13012	2025-05-22		both	true
11177	13037	2025-07-01		both	true
11177	13070	2025-09-23		both	true
11177	13119	2025-11-12		both	true
11177	13204	2026-02-04	2026-02-05	both	true
11178	11053	2024-12-26	2025-12-02	both	true
11178	11072	2024-12-26	2025-07-17	both	true
11178	11073	2024-12-26	2025-07-17	both	true
11178	11075	2024-12-26		both	true
11178	11095	2024-12-26	2025-12-02	both	true
11178	11100	2024-12-26	2026-01-09	both	true
11178	11101	2024-12-26	2025-12-02	both	true
11178	11102	2024-12-26		both	true
11178	11103	2024-12-26		both	true
11178	11110	2024-12-13	2026-02-10	both	true
11178	11170	2024-12-26	2026-03-11	both	true
11178	11171	2024-12-26	2025-07-17	both	true
11178	11172	2024-12-26	2025-07-17	both	true
11178	11173	2024-12-26	2026-03-06	both	true
11178	11186	2024-12-26	2025-07-17	both	true
11178	11213	2024-12-18		both	true
11178	11241	2024-12-26	2025-12-02	both	true
11178	11244	2024-12-26	2025-07-17	both	true
11178	11663	2025-01-07	2025-12-02	both	true
11178	11714	2025-01-08		both	true
11178	12939	2025-02-24	2025-07-17	both	true
11178	13007	2025-05-20	2025-11-24	both	true
11179	11054	2024-12-26		both	true
11179	11073	2024-12-26		both	true
11179	11131	2026-02-11		both	true
11179	11171	2025-07-17		both	true
11179	11172	2025-07-17		both	true
11179	11177	2024-12-26		both	true
11179	11180	2024-12-26		both	true
11179	11182	2024-12-26		both	true
11179	11183	2024-12-26		both	true
11179	11184	2024-12-26		both	true
11179	11185	2024-12-26		both	true
11179	11186	2024-12-26		both	true
11179	11234	2025-02-06		both	true
11179	11306	2025-01-06		both	true
11179	11507	2025-01-02		both	true
11179	11579	2025-03-12		both	true
11179	11714	2025-01-08		both	true
11179	12939	2025-02-24		both	true
11179	12946	2025-02-26		both	true
11179	12951	2025-02-28		both	true
11179	12962	2025-03-19		both	true
11179	12972	2025-03-19		both	true
11179	12990	2025-04-16		both	true
11179	13078	2025-10-01		both	true
11179	13208	2026-02-09		both	true
11179	13230	2026-03-13		both	true
11180	11055	2024-12-23		both	true
11180	11125	2024-12-30		both	true
11180	11139	2024-12-23		both	true
11180	11140	2024-12-23		both	true
11180	11141	2024-12-23		both	true
11180	11142	2024-12-23		both	true
11180	11146	2024-12-23		both	true
11180	11147	2024-12-23		both	true
11180	11148	2024-12-23		both	true
11180	11149	2024-12-23		both	true
11180	11151	2024-12-23		both	true
11180	11152	2024-12-23		both	true
11180	11153	2024-12-23		both	true
11180	11157	2024-12-19		both	true
11180	11177	2024-12-26		both	true
11180	11332	2024-12-26		both	true
11180	11404	2024-12-30		both	true
11180	11575	2025-04-16		both	true
11180	12796	2025-01-15		both	true
11180	12804	2025-01-16		both	true
11180	13079	2025-10-01		both	true
11181	10960	2025-09-24		both	true
11181	10963	2025-09-24		both	true
11181	10965	2025-09-24		both	true
11181	10966	2025-09-24		both	true
11181	10967	2025-09-24		both	true
11181	11053	2024-12-26		both	true
11181	11072	2024-12-26	2025-10-13	both	true
11181	11075	2024-12-26		both	true
11181	11103	2024-12-26		both	true
11181	11131	2026-02-11		both	true
11181	11173	2024-12-26		both	true
11181	11213	2024-12-18		both	true
11181	11231	2024-12-26		both	true
11181	11232	2024-12-26		both	true
11181	11233	2024-12-26		both	true
11181	11234	2024-12-26		both	true
11181	11236	2024-12-26	2025-08-19	both	true
11181	11238	2024-12-26		both	true
11181	11239	2024-12-26		both	true
11181	11240	2024-12-26		both	true
11181	11241	2024-12-26		both	true
11181	11243	2024-12-26		both	true
11181	11244	2024-12-26		both	true
11181	11306	2025-01-06		both	true
11181	11507	2025-01-15		both	true
11181	11579	2025-03-12		both	true
11181	12796	2025-01-15		both	true
11181	12951	2025-02-28		both	true
11181	12960	2025-04-16		both	true
11181	12972	2025-03-19		both	true
11181	13078	2025-10-01		both	true
11181	13208	2026-02-09		both	true
11181	13228	2026-03-10		both	true
11182	11088	2024-12-12		both	true
11182	11155	2025-01-02		both	true
11182	11187	2024-12-17		both	true
11182	11190	2024-12-17		both	true
11182	11198	2024-12-17		both	true
11182	11199	2024-12-17		both	true
11182	11212	2024-12-18		both	true
11182	11259	2024-12-19	2025-03-28	both	true
11182	11266	2024-12-19		both	true
11182	11268	2024-12-19		both	true
11182	11269	2024-12-19		both	true
11182	11297	2024-12-20		both	true
11182	11319	2024-12-27		both	true
11182	11325	2025-01-02		both	true
11182	11327	2024-12-23		both	true
11182	11331	2024-12-23		both	true
11182	11340	2025-04-18		both	true
11182	11369	2024-12-30		both	true
11182	11387	2025-01-02		both	true
11182	11405	2025-07-10		both	true
11182	11496	2025-01-02		both	true
11182	11541	2025-01-02		both	true
11182	11565	2025-01-02		both	true
11182	11567	2025-01-02		both	true
11182	11633	2025-01-22		both	true
11182	11709	2025-01-08		both	true
11182	12963	2025-03-14		both	true
11182	12964	2025-03-14		both	true
11182	12965	2025-03-14		both	true
11182	12970	2025-03-17		both	true
11182	12977	2025-03-26	2026-02-16	both	true
11182	12981	2025-03-31		both	true
11182	12983	2025-04-01		both	true
11182	13161	2026-01-21		both	true
11182	13236	2026-05-01		both	true
11183	10969	2025-02-06		both	true
11183	11088	2024-12-12		both	true
11183	11181	2024-12-17		both	true
11183	11190	2024-12-17		both	true
11183	11199	2024-12-17		both	true
11183	11202	2024-12-17		both	true
11183	11212	2024-12-17		both	true
11183	11230	2025-01-15		both	true
11183	11258	2024-12-18		both	true
11183	11259	2024-12-19		both	true
11183	11266	2024-12-19		both	true
11183	11268	2024-12-19		both	true
11183	11269	2024-12-19		both	true
11183	11284	2024-12-20		both	true
11183	11297	2024-12-20		both	true
11183	11319	2024-12-27		both	true
11183	11325	2025-01-02		both	true
11183	11331	2024-12-23		both	true
11183	11340	2025-04-18		both	true
11183	11369	2024-12-30		both	true
11183	11405	2025-07-10		both	true
11183	11496	2025-01-02		both	true
11183	11565	2025-01-02		both	true
11183	11566	2025-01-02		both	true
11183	11567	2025-01-02		both	true
11183	11633	2025-01-22		both	true
11183	12792	2025-01-14		both	true
11183	12857	2025-01-28		both	true
11183	12963	2025-03-14		both	true
11183	12964	2025-03-14		both	true
11183	12965	2025-03-14		both	true
11183	12970	2025-03-17		both	true
11183	12977	2025-03-26	2026-02-16	both	true
11183	13190	2026-02-03		both	true
11184	11299	2025-01-02		both	true
11185	11064	2024-12-10		both	true
11186	11088	2024-12-12		both	true
11186	11155	2025-01-02		both	true
11186	11178	2024-12-16		both	true
11186	11190	2024-12-17		both	true
11186	11202	2024-12-17		both	true
11186	11212	2024-12-18		both	true
11186	11259	2024-12-19		both	true
11186	11268	2024-12-19		both	true
11186	11319	2024-12-27		both	true
11186	11325	2025-01-02		both	true
11186	11374	2024-12-26	2026-01-02	both	true
11186	11387	2025-01-02		both	true
11186	11405	2025-07-10		both	true
11186	11496	2025-01-02		both	true
11186	11541	2025-01-02		both	true
11186	11566	2025-01-02		both	true
11186	11633	2025-01-22		both	true
11186	11642	2025-01-06		both	true
11186	12792	2025-01-14		both	true
11186	12857	2025-01-28		both	true
11186	12877	2025-06-23		both	true
11186	12981	2025-03-31		both	true
11186	13114	2025-11-05		both	true
11186	13144	2026-01-06		both	true
11187	10969	2025-02-06		both	true
11187	11088	2024-12-12		both	true
11187	11155	2025-01-02		both	true
11187	11178	2024-12-16		both	true
11187	11181	2024-12-17		both	true
11187	11187	2024-12-17		both	true
11187	11190	2024-12-17		both	true
11187	11198	2024-12-17		both	true
11187	11199	2024-12-17		both	true
11187	11212	2024-12-18		both	true
11187	11230	2025-01-15		both	true
11187	11259	2024-12-19		both	true
11187	11266	2024-12-19		both	true
11187	11268	2024-12-19		both	true
11187	11269	2024-12-19		both	true
11187	11297	2024-12-20		both	true
11187	11319	2024-12-27		both	true
11187	11325	2025-01-02		both	true
11187	11331	2024-12-26		both	true
11187	11340	2025-04-18		both	true
11187	11369	2024-12-30		both	true
11187	11374	2024-12-26	2026-01-02	both	true
11187	11405	2025-07-10		both	true
11187	11496	2025-01-02		both	true
11187	11541	2025-01-02		both	true
11187	11565	2025-01-02		both	true
11187	11567	2025-01-02		both	true
11187	11633	2025-01-22		both	true
11187	11709	2025-01-08		both	true
11187	12963	2025-03-14		both	true
11187	12983	2025-04-01		both	true
11187	13049	2025-11-10		both	true
11187	13114	2025-11-05		both	true
11187	13144	2026-01-06		both	true
11187	13190	2026-02-03		both	true
11187	13197	2026-02-03		both	true
11187	13236	2026-05-01		both	true
11188	11088	2024-12-12		both	true
11188	11145	2024-12-13		both	true
11188	11190	2024-12-17		both	true
11188	11199	2024-12-17		both	true
11188	11212	2024-12-17		both	true
11188	11258	2024-12-18		both	true
11188	11264	2025-03-31		both	true
11188	11266	2024-12-19		both	true
11188	11268	2024-12-19		both	true
11188	11269	2024-12-19		both	true
11188	11284	2024-12-20		both	true
11188	11297	2024-12-20		both	true
11188	11319	2024-12-27		both	true
11188	11327	2024-12-23		both	true
11188	11331	2024-12-26		both	true
11188	11405	2025-07-10		both	true
11188	11496	2025-01-02		both	true
11188	11633	2025-01-22		both	true
11188	12963	2025-03-14	2025-03-17	both	true
11188	12965	2025-03-14		both	true
11188	12970	2025-03-17		both	true
11188	12977	2025-03-26	2026-02-16	both	true
11188	13114	2025-11-05		both	true
11191	11107	2024-12-20		both	true
11192	11092	2024-12-20		both	true
11194	10979	2024-12-20	2025-03-06	both	true
11195	10957	2025-01-06		both	true
11196	11110	2024-12-13		both	true
11196	11164	2024-12-23		both	true
11196	11218	2026-01-20		both	true
11196	11311	2024-12-26		both	true
11196	11581	2025-01-07		both	true
11196	11612	2025-01-06		both	true
11196	11637	2025-01-06		both	true
11196	11657	2025-01-07		both	true
11196	11658	2025-01-07		both	true
11196	11664	2025-01-07		both	true
11196	11673	2025-01-10		both	true
11196	11734	2025-01-14		both	true
11196	13048	2025-08-11		both	true
11196	13105	2025-10-31		both	true
11197	11068	2024-12-20		both	true
11199	11115	2024-12-13		both	true
11200	11071	2024-12-11	2025-10-08	both	true
11202	11002	2025-01-07		both	true
11202	11220	2025-01-30		both	true
11202	11337	2025-01-02		both	true
11202	11338	2025-01-02		both	true
11202	11339	2025-01-14		both	true
11202	11341	2025-01-02		both	true
11202	11342	2025-01-06		both	true
11202	11482	2024-12-30		both	true
11202	11581	2025-01-07		both	true
11202	11597	2025-01-07		both	true
11202	11606	2025-01-06		both	true
11202	11657	2025-08-13		both	true
11202	11673	2025-01-10		both	true
11202	11691	2025-01-07		both	true
11202	12817	2025-01-21		both	true
11202	13033	2025-06-17		both	true
11202	13105	2025-10-31		both	true
11202	13150	2026-01-06		both	true
11202	13155	2026-01-13		both	true
11203	11053	2024-12-26		both	true
11203	11072	2025-01-03		both	true
11203	11075	2025-02-24		both	true
11203	11095	2024-12-26		both	true
11203	11100	2024-12-26		both	true
11203	11101	2024-12-26		both	true
11203	11102	2024-12-26		both	true
11203	11103	2025-01-03		both	true
11203	11110	2024-12-13		both	true
11203	11170	2024-12-26		both	true
11203	11171	2025-07-17		both	true
11203	11173	2024-12-26		both	true
11203	11182	2024-12-26		both	true
11203	11183	2024-12-26		both	true
11203	11184	2024-12-26		both	true
11203	11185	2024-12-26		both	true
11203	11250	2025-07-28	2025-07-30	both	true
11203	11507	2025-01-15		both	true
11203	11579	2025-03-12		both	true
11203	11663	2025-02-24		both	true
11203	12946	2025-02-26		both	true
11203	12962	2025-03-19		both	true
11204	11391	2025-01-29		both	true
11208	11078	2024-12-26		both	true
11209	11079	2024-12-30		both	true
11210	11080	2024-12-26		both	true
11212	11599	2025-01-07		both	true
11213	11156	2024-12-16		both	true
11214	11076	2024-12-12		both	true
11216	10954	2025-01-01		both	true
11216	11002	2025-01-07		both	true
11216	11011	2025-01-15		both	true
11216	11013	2025-01-21		both	true
11216	11067	2025-01-07		both	true
11216	11112	2024-12-23		both	true
11216	11138	2024-12-17		both	true
11216	11156	2024-12-16		both	true
11216	11226	2024-12-30		both	true
11216	11334	2024-12-26		both	true
11216	11353	2024-12-26		both	true
11216	11376	2025-01-02		both	true
11216	11406	2024-12-30	2025-06-23	both	true
11216	11452	2024-12-30		both	true
11216	11522	2025-01-02		both	true
11216	11523	2025-01-02		both	true
11216	11524	2025-01-06		both	true
11216	11525	2025-01-02		both	true
11216	11526	2025-01-02		both	true
11216	11527	2025-01-02		both	true
11216	11528	2025-01-02		both	true
11216	11529	2025-01-07		both	true
11216	11530	2025-01-02		both	true
11216	11531	2025-01-02		both	true
11216	11532	2025-01-02		both	true
11216	11533	2025-01-02		both	true
11216	11589	2025-01-03		both	true
11216	11594	2025-01-06		both	true
11216	11633	2025-01-22		both	true
11216	11639	2025-01-07		both	true
11216	11655	2025-01-07		both	true
11216	11683	2025-01-07		both	true
11216	11685	2025-01-07		both	true
11216	11716	2025-01-10		both	true
11217	11107	2024-12-20	2025-09-26	both	true
11220	11090	2024-12-19		both	true
11221	11107	2024-12-20		both	true
11222	11274	2024-12-19	2026-04-01	both	true
11223	11094	2024-12-19		both	true
11224	11074	2025-09-16		both	true
11225	11097	2024-12-16		both	true
11228	11156	2024-12-16		both	true
11229	11456	2024-12-30		both	true
11230	11093	2025-01-21		both	true
11232	10964	2024-12-18		both	true
11233	11108	2024-12-13	2025-03-25	both	true
11234	11036	2024-12-16		both	true
11235	11109	2025-01-02		both	true
11236	11107	2024-12-20		both	true
11237	11110	2024-12-13		both	true
11239	11080	2024-12-26		both	true
11239	11110	2024-12-13		both	true
11239	11164	2024-12-23		both	true
11239	11311	2024-12-26		both	true
11239	11482	2024-12-30		both	true
11239	11581	2025-01-07		both	true
11239	11584	2025-01-10		both	true
11239	11606	2025-01-06		both	true
11239	11612	2025-01-06		both	true
11239	11664	2025-01-07		both	true
11239	11673	2025-01-10		both	true
11239	11676	2025-01-07		both	true
11239	11689	2025-01-07		both	true
11239	11691	2025-01-07		both	true
11239	11692	2025-01-07		both	true
11239	11693	2025-01-07		both	true
11239	11734	2025-01-14		both	true
11239	12795	2025-01-14		both	true
11239	12803	2025-01-15		both	true
11239	12836	2025-01-24		both	true
11239	12882	2025-01-30		both	true
11239	12959	2025-03-11		both	true
11239	13033	2025-06-17		both	true
11239	13048	2025-08-11		both	true
11239	13105	2025-10-31		both	true
11239	13124	2025-11-20		both	true
11239	13150	2026-01-06		both	true
11239	13155	2026-01-13		both	true
11240	11111	2024-12-13		both	true
11241	11111	2024-12-13		both	true
11242	11111	2024-12-13		both	true
11243	11111	2024-12-13		both	true
11244	11683	2025-01-07		both	true
11246	11145	2024-12-13		both	true
11247	11458	2024-12-30		both	true
11248	11580	2025-01-10		both	true
11249	11110	2024-12-23		both	true
11250	11136	2024-12-30		both	true
11251	11137	2024-12-13		both	true
11252	11108	2024-12-13	2025-03-25	both	true
11253	11138	2024-12-17		both	true
11254	11007	2025-01-02		both	true
11255	11313	2024-12-23		both	true
11256	11150	2025-01-27		both	true
11257	11092	2024-12-20		both	true
11257	11136	2024-12-30		both	true
11257	11228	2025-01-06		both	true
11257	11294	2024-12-20		both	true
11257	11296	2024-12-20		both	true
11257	11298	2024-12-20		both	true
11257	11641	2025-01-06		both	true
11257	12934	2025-02-24		both	true
11257	12947	2025-02-27		both	true
11257	13053	2025-08-20		both	true
11257	13096	2025-10-22		both	true
11258	11197	2024-12-17		both	true
11258	12797	2025-01-28	2026-03-06	both	true
11258	12852	2025-01-28	2026-03-06	both	true
11258	12922	2025-02-11		both	true
11259	11092	2024-12-20		both	true
11259	11136	2024-12-30		both	true
11259	11228	2025-01-06		both	true
11259	11294	2024-12-20		both	true
11259	11296	2024-12-20		both	true
11259	11298	2024-12-20		both	true
11259	11641	2025-01-06		both	true
11259	12934	2025-02-24		both	true
11259	12947	2025-02-27		both	true
11259	13053	2025-08-20		both	true
11259	13096	2025-10-22		both	true
11261	11056	2025-01-06		both	true
11261	11559	2025-01-03		both	true
11261	11569	2025-01-23		both	true
11261	11669	2025-01-01		both	true
11262	11157	2024-12-19		both	true
11263	11158	2025-01-02		both	true
11265	11080	2024-12-26		both	true
11265	11164	2024-12-23		both	true
11265	11220	2025-01-30		both	true
11265	11342	2025-01-06		both	true
11265	11356	2025-01-03		both	true
11265	11488	2025-01-02		both	true
11265	11578	2025-01-06		both	true
11265	11581	2025-01-07		both	true
11265	11584	2025-01-10		both	true
11265	11595	2025-01-07		both	true
11265	11596	2025-01-06		both	true
11265	11597	2025-01-07		both	true
11265	11637	2025-01-06		both	true
11265	11676	2025-01-07		both	true
11265	11688	2025-01-08		both	true
11265	11689	2025-01-07		both	true
11265	11692	2025-01-07		both	true
11265	12803	2025-01-15		both	true
11265	12817	2025-01-21		both	true
11265	12836	2025-01-24		both	true
11265	12882	2025-01-30		both	true
11265	12907	2025-02-04		both	true
11265	12959	2025-03-11		both	true
11265	13105	2025-10-31		both	true
11265	13124	2025-11-20		both	true
11266	11164	2024-12-23		both	true
11267	11166	2024-12-20		both	true
11268	11242	2024-12-18		both	true
11269	11064	2025-01-06		both	true
11269	11169	2024-12-30		both	true
11269	11289	2025-02-19		both	true
11269	11319	2024-12-27		both	true
11269	11456	2024-12-30		both	true
11269	11462	2024-12-30		both	true
11269	11467	2024-12-30		both	true
11269	11469	2024-12-30		both	true
11269	11470	2025-01-02		both	true
11269	11472	2024-12-30		both	true
11269	11545	2025-01-02		both	true
11269	11704	2025-01-08		both	true
11269	11754	2025-01-10		both	true
11269	12820	2025-01-22		both	true
11269	12825	2025-01-24		both	true
11269	12879	2025-04-30		both	true
11269	12945	2025-03-04		both	true
11269	13148	2026-01-06		both	true
11270	11166	2024-12-20		both	true
11271	11242	2024-12-18		both	true
11272	11242	2024-12-18		both	true
11273	11028	2025-01-10		both	true
11273	11107	2024-12-20		both	true
11273	11113	2024-12-20		both	true
11273	11114	2024-12-20		both	true
11273	11116	2024-12-30		both	true
11273	11117	2024-12-30		both	true
11273	11119	2024-12-20		both	true
11273	11120	2024-12-20		both	true
11273	11121	2024-12-30		both	true
11273	11122	2024-12-30		both	true
11273	11123	2024-12-20		both	true
11273	11124	2024-12-30		both	true
11273	11125	2024-12-30		both	true
11273	11126	2025-05-06		both	true
11273	11127	2024-12-20		both	true
11273	11128	2024-12-20		both	true
11273	11129	2024-12-20		both	true
11273	11130	2025-01-10		both	true
11273	11131	2024-12-20	2026-02-10	both	true
11273	11132	2024-12-20		both	true
11273	11133	2025-01-08		both	true
11273	11134	2025-01-08		both	true
11273	11135	2025-01-14		both	true
11273	11361	2025-01-08		both	true
11273	11427	2025-01-21		both	true
11273	11558	2025-01-08		both	true
11273	11561	2025-01-08		both	true
11273	11572	2025-01-08		both	true
11273	12820	2025-09-22		both	true
11273	12848	2025-01-28		both	true
11273	12994	2025-04-30		both	true
11273	13012	2025-05-22		both	true
11273	13037	2025-07-01		both	true
11273	13070	2025-09-23		both	true
11273	13119	2025-11-12		both	true
11273	13204	2026-02-04	2026-02-05	both	true
11276	11188	2024-12-23	2025-02-12	both	true
11277	11175	2024-12-19		both	true
11279	11189	2024-12-17	2025-07-16	both	true
11281	11107	2024-12-20		both	true
11282	11192	2025-01-06		both	true
11283	11223	2024-12-18		both	true
11285	11194	2024-12-17		both	true
11286	11194	2024-12-17		both	true
11287	11219	2024-12-18		both	true
11288	11219	2024-12-18		both	true
11289	11219	2024-12-18		both	true
11290	10936	2025-01-02		both	true
11290	11045	2025-01-07		both	true
11290	11200	2024-12-17		both	true
11290	11201	2024-12-17		both	true
11290	11204	2024-12-17		both	true
11290	11205	2024-12-18		both	true
11290	11206	2024-12-17		both	true
11290	11207	2024-12-17		both	true
11290	11209	2024-12-17		both	true
11290	11225	2025-01-02		both	true
11290	11309	2024-12-20		both	true
11290	11431	2024-12-30		both	true
11290	11480	2025-01-02		both	true
11290	11493	2025-01-16		both	true
11291	11208	2024-12-17		both	true
11292	11458	2024-12-30		both	true
11292	11599	2025-06-17		both	true
11292	11622	2025-01-14		both	true
11292	11677	2025-01-07		both	true
11292	11700	2025-01-08		both	true
11292	11710	2025-01-14		both	true
11292	11712	2025-01-08		both	true
11292	11713	2025-01-08		both	true
11292	11726	2025-01-09		both	true
11292	11727	2025-01-09		both	true
11292	11728	2025-01-09		both	true
11292	11735	2025-01-10		both	true
11292	11736	2025-01-10		both	true
11292	11740	2025-01-10		both	true
11292	12856	2025-01-28		both	true
11292	12975	2025-03-20		both	true
11292	13025	2025-06-05		both	true
11292	13067	2025-09-04		both	true
11292	13084	2025-10-09		both	true
11292	13085	2025-10-23		both	true
11292	13101	2025-10-23		both	true
11292	13147	2026-01-06		both	true
11293	11018	2024-12-17		both	true
11294	11211	2024-12-30		both	true
11295	11654	2025-01-13		both	true
11296	11186	2025-02-04		both	true
11297	11654	2025-01-13		both	true
11298	11213	2024-12-18		both	true
11299	11132	2024-12-20		both	true
11300	11220	2025-02-04		both	true
11301	11222	2025-01-21		both	true
11302	11224	2024-12-18		both	true
11303	11227	2024-12-18	2025-05-05	both	true
11306	11230	2025-01-15		both	true
11307	11764	2025-01-13		both	true
11308	11064	2025-01-06		both	true
11308	11169	2024-12-30		both	true
11308	11289	2025-02-19		both	true
11308	11319	2024-12-27		both	true
11308	11456	2024-12-30		both	true
11308	11462	2024-12-30		both	true
11308	11467	2024-12-30		both	true
11308	11469	2024-12-30		both	true
11308	11470	2025-01-02		both	true
11308	11472	2024-12-30		both	true
11308	11545	2025-01-02		both	true
11308	11704	2025-01-08		both	true
11308	11754	2025-01-10		both	true
11308	12820	2025-01-22		both	true
11308	12825	2025-01-24		both	true
11308	12879	2025-04-30		both	true
11308	12945	2025-03-04		both	true
11308	13148	2026-01-06		both	true
11309	11390	2024-12-30	2025-09-08	both	true
11309	11391	2025-01-08		both	true
11309	11392	2025-01-10		both	true
11309	11397	2025-01-06		both	true
11309	11399	2025-01-06		both	true
11309	11400	2024-12-30		both	true
11309	11401	2025-01-06		both	true
11309	11402	2025-01-06		both	true
11309	12867	2025-03-10		both	true
11310	11246	2024-12-18		both	true
11311	11080	2025-01-27	2025-10-24	both	true
11311	11164	2025-01-08	2025-08-28	both	true
11311	11311	2025-02-19	2025-07-15	both	true
11311	11337	2025-01-02	2025-07-31	both	true
11311	11338	2025-01-02	2025-07-31	both	true
11311	11578	2025-03-26	2025-10-24	both	true
11311	11584	2025-01-10		both	true
11311	11596	2025-01-06	2025-10-23	both	true
11311	11612	2025-01-06	2025-07-08	both	true
11311	11657	2025-01-07	2025-07-07	both	true
11311	11658	2025-01-07	2025-07-07	both	true
11311	11688	2025-01-08	2025-09-15	both	true
11311	11693	2025-01-07	2025-08-15	both	true
11311	12795	2025-01-14	2025-08-15	both	true
11311	12907	2025-02-04	2025-09-15	both	true
11311	12959	2025-03-11	2025-09-15	both	true
11313	11265	2024-12-20		both	true
11314	11036	2024-12-30		both	true
11314	11214	2025-01-02		both	true
11314	11233	2025-01-15		both	true
11314	11240	2025-01-15		both	true
11314	11314	2025-07-22		both	true
11314	11434	2025-01-03		both	true
11314	11542	2025-01-02		both	true
11314	11583	2025-01-03		both	true
11314	11585	2025-01-03		both	true
11314	11611	2025-01-06		both	true
11314	11670	2025-01-23		both	true
11314	11733	2025-01-09		both	true
11314	12783	2025-01-14		both	true
11314	12830	2025-05-28		both	true
11314	12902	2025-02-03		both	true
11314	12903	2025-02-03		both	true
11314	13030	2025-06-13		both	true
11314	13062	2025-09-02		both	true
11314	13238	2026-05-11		both	true
11315	11253	2024-12-18		both	true
11316	11271	2024-12-19	2026-01-27	both	true
11317	11107	2024-12-20		both	true
11317	11313	2024-12-23		both	true
11319	11092	2024-12-20	2026-02-11	both	true
11319	11100	2025-01-22		both	true
11319	11279	2025-01-06		both	true
11319	11280	2025-01-03		both	true
11319	11281	2025-01-03		both	true
11319	11307	2024-12-20		both	true
11319	11326	2025-01-02		both	true
11319	11366	2025-01-15		both	true
11319	11642	2025-01-06		both	true
11319	11731	2025-01-09		both	true
11319	12831	2025-01-23		both	true
11320	11090	2024-12-19		both	true
11321	11219	2024-12-18		both	true
11323	11260	2024-12-18	2025-05-19	both	true
11324	11158	2025-01-02	2025-07-14	both	true
11326	11261	2024-12-19		both	true
11327	11265	2025-01-13	2026-05-05	both	true
11327	11295	2026-05-07		both	true
11328	11270	2025-01-03		both	true
11329	11270	2025-01-03	2025-06-30	both	true
11330	11175	2024-12-19	2026-05-11	both	true
11331	11165	2024-12-16	2026-02-02	both	true
11332	11275	2024-12-23		both	true
11334	11157	2024-12-19		both	true
11335	11090	2024-12-19		both	true
11336	11157	2024-12-19		both	true
11337	11277	2024-12-20		both	true
11338	11277	2024-12-20		both	true
11340	11277	2024-12-20		both	true
11341	11221	2024-12-20		both	true
11343	11288	2024-12-20		both	true
11344	11221	2024-12-20		both	true
11345	11289	2024-12-20		both	true
11346	11290	2024-12-20		both	true
11347	11291	2024-12-20		both	true
11348	11218	2024-12-20		both	true
11349	11295	2024-12-20		both	true
11350	11289	2024-12-20		both	true
11352	11229	2025-01-02		both	true
11352	11544	2025-01-02		both	true
11352	11551	2025-01-02		both	true
11352	11552	2025-01-02		both	true
11352	11553	2025-01-02		both	true
11352	11554	2025-01-02		both	true
11352	11555	2025-01-02		both	true
11352	11556	2025-01-02		both	true
11352	11557	2025-01-02		both	true
11352	12917	2025-09-15		both	true
11353	11229	2025-01-02		both	true
11354	11267	2025-01-10		both	true
11355	11416	2024-12-27		both	true
11356	11290	2024-12-20		both	true
11357	11366	2025-01-15		both	true
11357	13118	2025-11-10		both	true
11358	11299	2025-01-02		both	true
11359	11306	2024-12-20		both	true
11360	11305	2024-12-20		both	true
11361	11308	2024-12-20	2025-05-30	both	true
11362	11310	2024-12-20		both	true
11363	11310	2024-12-20		both	true
11364	11528	2025-01-02		both	true
11365	11311	2024-12-26	2026-03-06	both	true
11366	11312	2024-12-23		both	true
11367	11314	2024-12-23		both	true
11368	11313	2024-12-23		both	true
11369	11314	2025-01-06		both	true
11370	11188	2024-12-23	2025-10-14	both	true
11371	11316	2024-12-23		both	true
11372	11317	2024-12-23		both	true
11373	11317	2024-12-23		both	true
11374	11317	2024-12-23		both	true
11375	11317	2024-12-23		both	true
11377	11030	2024-12-23		both	true
11377	11322	2025-01-15		both	true
11377	11323	2024-12-23		both	true
11377	12813	2025-01-21		both	true
11377	12977	2026-02-16		both	true
11377	13088	2025-10-09		both	true
11377	13095	2025-10-17		both	true
11378	11319	2024-12-27		both	true
11379	10978	2025-08-01		both	true
11379	11324	2025-08-01		both	true
11379	11325	2024-12-23	2025-04-01	both	true
11379	11330	2025-08-20		both	true
11379	11730	2025-08-01		both	true
11379	11756	2025-07-31		both	true
11379	11762	2025-08-01		both	true
11379	12784	2025-08-11		both	true
11379	12805	2026-01-06		both	true
11379	13001	2025-05-09	2025-08-13	both	true
11379	13034	2025-08-11		both	true
11379	13118	2025-11-10		both	true
11379	13131	2025-12-15		both	true
11379	13138	2025-12-22		both	true
11380	11326	2025-01-02	2025-12-23	both	true
11381	11326	2025-01-02		both	true
11382	11328	2024-12-23		both	true
11383	11221	2024-12-26		both	true
11384	11329	2024-12-26	2025-10-22	both	true
11385	11329	2024-12-26	2025-12-24	both	true
11386	11331	2024-12-26	2026-02-11	both	true
11387	11332	2024-12-26	2025-12-10	both	true
11388	11319	2024-12-27		both	true
11389	11334	2024-12-26	2025-12-01	both	true
11390	11333	2024-12-26		both	true
11391	11334	2024-12-26		both	true
11392	11334	2024-12-26		both	true
11393	11334	2024-12-26		both	true
11394	11407	2024-12-27	2025-07-14	both	true
11395	11407	2024-12-27		both	true
11396	11335	2024-12-26	2025-04-18	both	true
11397	11132	2025-04-30		both	true
11397	11340	2024-12-26	2025-04-08	both	true
11398	11343	2024-12-26		both	true
11399	11344	2024-12-30	2025-06-10	both	true
11400	11345	2024-12-26		both	true
11401	11346	2024-12-27	2025-07-24	both	true
11402	12837	2025-01-24	2026-02-27	both	true
11403	11348	2024-12-30	2026-02-02	both	true
11404	11350	2024-12-30		both	true
11405	11257	2024-12-30		both	true
11406	11353	2024-12-26		both	true
11407	11356	2025-01-03		both	true
11409	11350	2024-12-30		both	true
11410	11357	2024-12-26		both	true
11411	10952	2025-09-04		both	true
11411	11358	2024-12-26		both	true
11411	11363	2024-12-26		both	true
11411	11365	2024-12-26		both	true
11411	11409	2024-12-27		both	true
11411	11410	2024-12-27		both	true
11411	11412	2024-12-27		both	true
11411	11414	2024-12-30		both	true
11411	11417	2024-12-30		both	true
11411	11418	2024-12-30		both	true
11411	11419	2024-12-30		both	true
11411	11429	2024-12-30		both	true
11411	11432	2024-12-30		both	true
11411	11435	2024-12-30		both	true
11411	11517	2025-01-02		both	true
11411	12988	2025-04-11		both	true
11411	13237	2026-05-04		both	true
11412	11319	2025-01-02		both	true
11413	10952	2025-09-04		both	true
11413	11358	2024-12-26		both	true
11413	11363	2024-12-26		both	true
11413	11365	2024-12-26		both	true
11413	11409	2024-12-27		both	true
11413	11410	2024-12-27		both	true
11413	11412	2024-12-27		both	true
11413	11414	2024-12-27		both	true
11413	11417	2024-12-27		both	true
11413	11418	2024-12-30		both	true
11413	11419	2024-12-30		both	true
11413	11429	2024-12-30		both	true
11413	11432	2024-12-30		both	true
11413	11435	2024-12-30		both	true
11413	12988	2025-04-11		both	true
11413	13237	2026-05-01		both	true
11414	11359	2024-12-26		both	true
11415	11319	2024-12-27		both	true
11417	11155	2025-01-02		both	true
11418	11372	2024-12-26	2025-08-11	both	true
11419	11155	2025-01-02	2026-04-16	both	true
11420	11398	2024-12-30		both	true
11421	11547	2025-01-02		both	true
11422	11419	2025-01-01		both	true
11423	10952	2025-12-09		both	true
11423	11419	2025-01-02		both	true
11423	11420	2024-12-30		both	true
11423	11421	2024-12-30		both	true
11424	11586	2025-01-07		both	true
11425	11424	2025-01-10		both	true
11425	11425	2025-01-10		both	true
11426	11426	2024-12-30		both	true
11427	11428	2024-12-30		both	true
11428	11430	2024-12-30		both	true
11429	11438	2024-12-30		both	true
11430	11654	2025-01-13	2025-09-24	both	true
11431	11174	2024-12-30		both	true
11432	10939	2025-12-04		both	true
11432	10942	2025-12-04		both	true
11432	11099	2025-12-04		both	true
11432	11442	2024-12-30	2026-01-27	both	true
11432	11444	2024-12-30		both	true
11432	11445	2024-12-30		both	true
11432	12837	2025-01-24		both	true
11432	13174	2026-01-23		both	true
11434	11391	2025-01-08		both	true
11435	11257	2024-12-30	2026-02-03	both	true
11437	11461	2024-12-30	2025-07-14	both	true
11438	11473	2025-01-01		both	true
11439	10957	2025-01-06		both	true
11439	11245	2025-01-02		both	true
11439	11347	2025-01-02		both	true
11439	11480	2025-01-02		both	true
11439	11481	2024-12-30		both	true
11439	11497	2025-01-02		both	true
11439	12777	2025-01-13		both	true
11439	12781	2025-01-13		both	true
11440	11462	2024-12-30		both	true
11441	11482	2024-12-30		both	true
11442	10990	2025-01-02	2026-01-12	both	true
11442	11111	2025-01-16		both	true
11442	11162	2025-01-30		both	true
11442	11192	2025-01-06		both	true
11442	11203	2025-06-03		both	true
11442	11489	2025-01-15		both	true
11442	11508	2025-01-03		both	true
11442	11534	2025-01-02		both	true
11442	11599	2025-01-30		both	true
11442	11617	2025-06-12		both	true
11442	11622	2025-01-14		both	true
11442	11623	2025-01-14		both	true
11442	11633	2025-01-22		both	true
11442	11677	2025-01-07		both	true
11442	11700	2025-01-08		both	true
11442	11702	2025-01-08		both	true
11442	11710	2025-01-14		both	true
11442	11711	2025-01-08		both	true
11442	11712	2025-01-08		both	true
11442	11713	2025-01-08		both	true
11442	11715	2025-01-08		both	true
11442	11718	2025-01-08		both	true
11442	11721	2025-01-08		both	true
11442	11726	2025-01-09		both	true
11442	11727	2025-01-10		both	true
11442	11728	2025-01-09		both	true
11442	11735	2025-01-10		both	true
11442	11736	2025-01-10		both	true
11442	11740	2025-01-10		both	true
11442	12782	2025-01-15		both	true
11442	12856	2025-01-28		both	true
11442	12892	2025-01-31		both	true
11442	12975	2025-03-20		both	true
11442	13025	2025-06-05		both	true
11442	13067	2025-09-04		both	true
11442	13084	2025-10-09		both	true
11442	13147	2026-01-06		both	true
11442	13189	2026-02-02		both	true
11444	11488	2025-01-02		both	true
11445	11155	2025-01-02		both	true
11446	11231	2025-01-03		both	true
11447	13137	2025-12-18		both	true
11448	11299	2025-01-06		both	true
11449	11496	2025-01-02	2025-05-15	both	true
11450	11322	2025-01-02		both	true
11454	11495	2025-01-02		both	true
11456	11499	2025-01-03	2025-05-14	both	true
11457	11499	2025-01-03		both	true
11458	11501	2025-01-06		both	true
11459	12917	2025-02-07		both	true
11460	11504	2025-01-02	2026-05-22	both	true
11461	11322	2025-01-02		both	true
11462	11505	2025-01-02		both	true
11462	11507	2025-01-02		both	true
11463	11093	2025-01-21		both	true
11464	11509	2025-01-02		both	true
11464	11510	2025-01-02		both	true
11464	11511	2025-01-02		both	true
11464	11512	2025-01-02		both	true
11464	11513	2025-01-02		both	true
11464	11514	2025-01-02		both	true
11464	11515	2025-01-02		both	true
11464	11516	2025-01-02		both	true
11464	11517	2025-01-02		both	true
11464	11518	2025-01-02		both	true
11464	11519	2025-01-02		both	true
11465	11503	2025-01-15		both	true
11465	11520	2025-01-14		both	true
11465	11521	2025-01-14		both	true
11466	11637	2025-01-06		both	true
11467	10936	2025-01-02		both	true
11468	11470	2025-01-02		both	true
11469	11030	2025-01-02		both	true
11471	11542	2025-01-02		both	true
11472	11541	2025-01-02		both	true
11473	11543	2025-01-02		both	true
11474	11319	2025-01-02		both	true
11475	11546	2025-07-31		both	true
11476	11547	2025-01-02		both	true
11477	11319	2025-01-02		both	true
11478	11407	2025-07-15		both	true
11479	11563	2025-01-10		both	true
11480	10953	2025-01-02		both	true
11480	11562	2025-01-02		both	true
11481	11564	2025-01-27		both	true
11482	11225	2025-01-22		both	true
11483	11571	2025-04-18		both	true
11484	11570	2025-01-02		both	true
11485	11487	2025-01-22		both	true
11486	11574	2025-01-02	2026-05-14	both	true
11487	11575	2025-01-02		both	true
11488	11571	2025-04-07		both	true
11489	11576	2025-01-02	2025-06-27	both	true
11491	12798	2025-01-15		both	true
11492	11576	2025-01-02		both	true
11493	11232	2025-01-27	2026-03-27	both	true
11493	12810	2025-01-21		both	true
11493	12811	2025-01-21		both	true
11493	12812	2025-01-21		both	true
11493	13116	2025-11-05		both	true
11494	11599	2025-01-07	2025-12-05	both	true
11495	11579	2025-01-03		both	true
11496	11617	2025-01-22		both	true
11496	11618	2025-01-29		both	true
11497	11580	2025-01-06		both	true
11498	11594	2025-01-06		both	true
11499	11501	2025-01-06	2025-04-24	both	true
11500	11501	2025-01-06		both	true
11501	11319	2025-07-23		both	true
11501	11581	2025-01-07	2025-07-11	both	true
11502	11582	2025-02-04		both	true
11503	11599	2025-01-07	2025-12-09	both	true
11504	11594	2025-01-06		both	true
11505	12860	2025-02-06		both	true
11506	11588	2025-01-03		both	true
11507	11066	2025-04-28		both	true
11507	11188	2025-01-06	2025-12-31	both	true
11507	11291	2025-06-10		both	true
11507	12767	2025-01-13		both	true
11507	12915	2025-02-07		both	true
11507	12916	2025-02-07		both	true
11507	12969	2025-03-17		both	true
11507	12986	2025-04-09		both	true
11507	12996	2025-05-05	2026-02-03	both	true
11509	11590	2025-01-03		both	true
11510	11591	2025-01-03		both	true
11511	11592	2025-01-03		both	true
11512	11592	2025-01-03		both	true
11513	11592	2025-01-03	2026-04-09	principal	false
11514	11501	2025-01-06		both	true
11515	11588	2025-01-03		both	true
11516	11637	2025-01-06		both	true
11516	11688	2025-01-08	2025-01-08	both	true
11517	11600	2025-01-14	2025-07-12	both	true
11518	11598	2025-01-27		both	true
11519	11601	2025-01-16		both	true
11520	10936	2025-01-07	2025-02-28	both	true
11520	11522	2025-02-28		both	true
11521	11608	2025-01-08		both	true
11523	11612	2025-01-06		both	true
11524	11010	2025-01-13		both	true
11524	11162	2025-01-30		both	true
11524	11256	2025-01-08		both	true
11524	11267	2025-01-10		both	true
11524	11333	2025-01-07		both	true
11524	11359	2025-01-07		both	true
11524	11371	2026-04-02		both	true
11524	11494	2025-01-07	2025-12-31	both	true
11524	11739	2025-01-10		both	true
11524	11755	2025-01-10		both	true
11524	11768	2025-01-10		both	true
11524	12769	2025-01-13		both	true
11524	12770	2025-01-13		both	true
11524	12771	2025-01-14		both	true
11524	12772	2025-01-13		both	true
11524	12773	2025-01-13		both	true
11524	12774	2025-01-13		both	true
11524	12775	2025-01-13		both	true
11524	12776	2025-01-13		both	true
11524	12818	2025-02-19	2025-07-31	both	true
11524	12822	2025-01-21		both	true
11524	12841	2025-01-27		both	true
11524	12842	2025-01-27		both	true
11524	12843	2025-01-27		both	true
11524	12878	2025-01-30		both	true
11524	12908	2025-02-04	2026-02-02	both	true
11524	12924	2025-02-13		both	true
11524	12925	2025-02-17		both	true
11524	12974	2025-03-20		both	true
11524	13021	2025-06-03		both	true
11524	13031	2025-06-13		both	true
11524	13041	2025-07-11		both	true
11524	13057	2025-08-21	2026-02-02	both	true
11524	13081	2025-10-08		both	true
11524	13104	2025-10-30		both	true
11524	13194	2026-02-02		both	true
11524	13195	2026-02-02		both	true
11524	13234	2026-04-07		both	true
11525	11295	2025-01-13	2026-01-05	both	true
11526	11613	2025-01-08		both	true
11527	11367	2025-01-06		both	true
11527	11614	2025-01-06		both	true
11527	11615	2025-01-06		both	true
11529	11588	2025-01-21		both	true
11530	11569	2025-01-23		both	true
11531	11497	2025-01-06		both	true
11532	11617	2025-01-22		both	true
11533	11267	2025-01-10		both	true
11534	11628	2025-01-08		both	true
11536	11631	2025-07-28	2026-02-05	both	true
11537	11637	2025-01-06		both	true
11538	11632	2025-01-06		both	true
11539	11632	2025-01-06		both	true
11541	11588	2025-01-21	2025-07-14	both	true
11541	11638	2025-01-14	2026-02-02	both	true
11542	11635	2025-01-08		both	true
11543	11638	2025-01-06		both	true
11544	11639	2025-01-06		both	true
11545	11633	2025-01-22		both	true
11546	11637	2025-01-06		both	true
11547	11754	2025-01-10		both	true
11548	11635	2025-01-08		both	true
11549	11640	2025-01-21		both	true
11550	11230	2025-01-15		both	true
11551	11598	2025-01-28		both	true
11552	11633	2025-01-22		both	true
11553	12880	2025-01-30		both	true
11555	11644	2025-01-07		both	true
11557	11064	2025-01-07		both	true
11557	11639	2025-03-10		both	true
11557	11645	2025-01-07		both	true
11557	11647	2025-01-07		both	true
11557	11648	2025-01-07		both	true
11557	11651	2025-01-07		both	true
11557	11652	2025-01-07		both	true
11557	12880	2025-04-01		both	true
11557	13203	2026-02-04		both	true
11557	13229	2026-03-10		both	true
11558	11646	2025-01-13		both	true
11559	11646	2025-01-13		both	true
11560	11010	2025-01-13		both	true
11560	11162	2025-01-30		both	true
11560	11256	2025-01-08		both	true
11560	11333	2025-01-07		both	true
11560	11359	2025-01-07		both	true
11560	11371	2026-04-02		both	true
11560	11494	2025-01-07	2025-12-31	both	true
11560	11665	2026-03-31		both	true
11560	11739	2025-01-10		both	true
11560	11755	2025-01-10		both	true
11560	12769	2025-01-13		both	true
11560	12770	2025-01-13		both	true
11560	12773	2025-01-13		both	true
11560	12774	2025-01-13		both	true
11560	12776	2025-01-13		both	true
11560	12818	2025-02-19	2025-07-31	both	true
11560	12822	2025-01-21		both	true
11560	12841	2025-01-27		both	true
11560	12842	2025-01-27		both	true
11560	12843	2025-01-27		both	true
11560	12878	2025-01-30		both	true
11560	12908	2025-02-04	2026-02-02	both	true
11560	12924	2025-02-13		both	true
11560	12925	2025-02-17		both	true
11560	12974	2025-03-20		both	true
11560	13031	2025-06-13		both	true
11560	13041	2025-07-11		both	true
11560	13057	2025-08-21	2026-02-02	both	true
11560	13081	2025-10-08		both	true
11560	13104	2025-10-30		both	true
11560	13194	2026-02-02		both	true
11560	13195	2026-02-02		both	true
11560	13234	2026-04-07		both	true
11561	11580	2025-01-09		both	true
11563	11586	2025-01-07		both	true
11564	11660	2025-01-07		both	true
11565	11664	2025-01-07		both	true
11566	11013	2025-01-07		both	true
11567	11665	2025-01-07		both	true
11568	11665	2025-01-07		both	true
11569	11665	2025-01-07	2026-02-06	both	true
11570	11532	2025-01-10		both	true
11571	11670	2025-01-24		both	true
11572	11653	2025-01-14		both	true
11573	11671	2025-01-07		both	true
11574	11678	2025-01-07		both	true
11575	11681	2025-01-07		both	true
11576	11761	2025-07-23		both	true
11577	11683	2025-01-07		both	true
11578	11547	2025-01-07		both	true
11579	11013	2025-01-07		both	true
11580	11600	2025-01-14	2026-01-22	both	true
11581	12989	2025-04-14		both	true
11583	11685	2025-01-07	2026-05-22	both	true
11586	11686	2025-01-08		both	true
11587	11694	2025-01-07		both	true
11588	11696	2025-01-07	2025-08-07	both	true
11589	11697	2025-01-08		both	true
11590	11699	2025-01-07		both	true
11592	11514	2025-01-07		both	true
11595	11704	2025-01-08		both	true
11596	11608	2025-01-08		both	true
11597	11608	2025-01-08	2025-02-02	both	true
11598	11705	2025-01-08		both	true
11599	11707	2025-01-08		both	true
11600	11714	2025-01-31		both	true
11601	11717	2025-01-10		both	true
11602	11094	2025-01-10		both	true
11603	11617	2025-01-22		both	true
11605	11162	2025-01-14		both	true
11606	11724	2025-01-08		both	true
11607	11725	2025-01-09		both	true
11608	11731	2025-01-30		both	true
11609	11578	2025-03-14	2025-06-23	both	true
11609	11688	2025-02-04	2025-06-23	both	true
11609	12861	2025-01-31	2025-06-23	both	true
11609	12869	2025-01-31	2025-06-23	both	true
11609	12870	2025-01-31	2025-06-23	both	true
11610	11450	2025-01-15		both	true
11611	11638	2025-01-14	2025-02-26	both	true
11612	11738	2025-01-29		both	true
11613	11094	2025-01-15		both	true
11614	11313	2025-01-27		both	true
11614	12973	2025-03-20		both	true
11614	12993	2025-04-28		both	true
11615	11722	2025-01-10		both	true
11616	11754	2025-01-10		both	true
11617	11755	2025-01-10	2025-01-16	both	true
11618	11011	2025-01-15		both	true
11619	11749	2025-01-10		both	true
11620	11749	2025-01-10		both	true
11621	11758	2025-01-10		both	true
11622	11755	2025-01-10		both	true
11623	11756	2025-01-14		both	true
11625	11424	2025-01-10		both	true
11626	11759	2025-01-10		both	true
11627	11591	2025-01-10		both	true
11629	11563	2025-01-10		both	true
11631	11584	2025-01-10	2025-04-28	both	true
11632	11761	2025-01-14		both	true
11633	11588	2025-01-10		both	true
11634	11258	2025-01-10		both	true
11635	11734	2025-01-14		both	true
11636	11541	2025-01-28		both	true
11637	11386	2025-11-26		both	true
11637	11717	2025-11-10		both	true
11637	11767	2025-01-31	2026-05-08	both	true
11637	12857	2026-02-13		both	true
11637	13001	2026-02-10		both	true
11637	13039	2026-03-04		both	true
11637	13207	2026-02-06		both	true
12636	12768	2025-01-27		both	true
12637	11464	2025-01-21	2025-09-22	both	true
12638	11637	2025-01-21		both	true
12638	12778	2025-01-13		both	true
12639	12780	2025-01-14		both	true
12640	12781	2025-01-13		both	true
12641	12782	2025-01-13		both	true
12642	12783	2025-01-14		both	true
12643	12784	2025-01-13		both	true
12645	11529	2025-01-14	2025-07-30	both	true
12646	12788	2025-01-14		both	true
12647	12889	2025-01-31		both	true
12648	12791	2025-01-14		both	true
12650	11637	2025-01-21		both	true
12651	11503	2025-01-15		both	true
12652	11322	2025-02-05		both	true
12653	11541	2025-02-04		both	true
12654	11592	2025-02-25		both	true
12655	12799	2025-01-27	2026-01-29	both	true
12656	12886	2025-01-30		both	true
12657	12850	2025-01-31		both	true
12658	11186	2025-02-07		both	true
12659	11601	2025-01-16		both	true
12660	12804	2025-01-16		both	true
12662	12783	2025-01-21	2026-02-18	both	true
12662	12809	2025-01-21		both	true
12663	11188	2025-08-13		both	true
12663	11291	2025-06-10	2025-07-29	both	true
12663	12915	2025-02-07	2025-07-25	both	true
12663	12916	2025-02-07	2025-07-25	both	true
12663	12969	2025-03-17	2025-07-25	both	true
12665	11600	2025-01-21	2025-11-24	both	true
12666	12818		2025-07-31	both	true
12667	12823	2025-01-24		both	true
12668	12819	2025-01-22	2025-11-18	both	true
12668	12886	2026-02-13		both	true
12669	11759	2025-01-24		both	true
12670	11637	2025-01-21		both	true
12671	11340	2025-08-20		both	true
12671	12820	2025-01-22	2025-08-15	both	true
12672	12822	2025-01-21	2025-09-29	both	true
12675	12825	2025-01-24		both	true
12675	12833	2025-02-17		both	true
12676	12828	2025-01-22		both	true
12678	12768	2025-01-27		both	true
12679	12768	2025-01-27		both	true
12680	12897	2025-02-05		both	true
12681	12832	2025-01-23	2026-02-10	both	true
12682	12899	2025-02-03		both	true
12683	11342	2025-07-28	2025-08-18	both	true
12684	12838	2025-01-24		both	true
12685	12839	2025-02-10	2025-12-22	both	true
12686	12840	2025-01-28	2026-02-02	both	true
12687	12845	2025-01-28		both	true
12688	11181	2025-01-27		both	true
12689	11738	2025-01-29		both	true
12692	11440	2025-01-28		both	true
12693	12854	2025-01-28		both	true
12694	12997	2026-01-08		principal	false
12695	12858	2025-02-04		both	true
12696	12872	2025-01-31	2026-02-04	both	true
12697	12868	2025-01-29	2025-08-26	both	true
12697	13052	2025-08-15		both	true
12698	12867	2025-01-29		both	true
12699	12794	2025-01-29		both	true
12701	12876	2025-01-30	2025-03-19	both	true
12702	11107	2025-04-04		both	true
12704	12879	2025-01-30		both	true
12707	12884	2025-01-30		both	true
12708	12887	2025-07-31		both	true
12709	12888	2025-01-31		both	true
12711	12890	2025-01-31	2026-02-02	both	true
12712	12881	2025-02-10		both	true
12714	12862	2025-01-01		both	true
12715	11761	2025-05-28		both	true
12717	12900	2025-02-27		principal	true
12718	12858	2025-02-04		both	true
12719	12906	2025-02-04		both	true
12720	11588	2025-02-05		both	true
12721	11017	2025-02-06	2025-09-08	both	true
12722	11754	2025-02-06		both	true
12723	12914	2025-02-10		both	true
12724	12881	2025-02-07		both	true
12726	12921	2025-02-10		both	true
12727	11733	2025-06-30		both	true
12728	13024	2025-06-03		both	true
12729	12923	2025-02-11		both	true
12730	11133	2025-02-20		both	true
12731	12926	2025-02-17		both	true
12733	11259	2025-02-19		both	true
12735	12930	2025-02-19		both	true
12736	11227	2025-02-20	2025-06-12	both	true
12737	12933	2025-02-24		both	true
12739	11685	2025-03-10	2025-09-17	both	true
12743	12938	2025-06-24		both	true
12745	12967	2025-03-14		both	true
12746	12948	2025-02-28		both	true
12747	11440	2025-03-04		both	true
12747	11492	2025-03-25		both	true
12747	11537	2025-08-25		both	true
12747	13000	2025-05-14		both	true
12748	10984	2025-12-04		both	true
12748	11252			both	true
12748	11340	2025-04-17		both	true
12748	13021	2025-06-03		both	true
12750	12955	2025-03-10		both	true
12751	13022	2026-01-21		both	true
12751	13072	2025-10-01		both	true
12751	13164	2026-01-16		both	true
12752	11080	2025-03-17		both	true
12753	12966	2025-03-17		both	true
12754	11230	2025-03-17		both	true
12755	12971	2025-03-19		both	true
12756	12971	2025-03-19		both	true
12759	10961	2025-03-24		both	true
12760	12982	2025-04-01		both	true
12761	11258	2025-03-26		both	true
12764	11674	2025-03-28		both	true
12766	11138	2025-04-08		both	true
12767	11205	2025-04-03		both	true
12768	11765	2025-04-04		both	true
12770	11130	2025-04-08		both	true
12773	12985	2025-04-08		both	true
12775	12985	2025-04-08		both	true
12776	11710	2025-04-11	2025-11-10	both	true
12777	12868	2025-04-11	2025-08-26	both	true
12777	13052	2025-08-15		both	true
12778	12991	2025-04-16		both	true
12780	11340	2025-04-17	2025-10-28	both	true
12781	11212	2025-04-17		both	true
12782	12848	2025-04-29		both	true
12783	12848	2025-04-29		both	true
12785	12974	2025-05-09		both	true
12786	13003	2025-05-14		both	true
12788	10980	2025-06-04		both	true
12790	13009	2025-05-21		both	true
12791	11209	2025-05-21		both	true
12792	13010	2025-05-21		both	true
12793	11260	2025-05-21		both	true
12794	13011	2025-01-01		both	true
12796	10986	2025-05-22		both	true
12797	13012	2025-05-23		both	true
12798	13014	2025-05-27		both	true
12799	11590	2025-06-02		both	true
12800	13029	2025-06-16		both	true
12802	13012	2025-05-30		both	true
12803	11308	2025-06-02		both	true
12804	10969	2025-06-16		both	true
12805	11608	2025-07-11		both	true
12807	11319	2025-06-11		both	true
12808	13032	2025-06-30		both	true
12808	13050	2025-08-11		both	true
12808	13068	2025-09-22		both	true
12810	12805	2025-06-24		both	true
12812	13036	2025-07-08		both	true
12813	13032	2025-07-01		both	true
12813	13050	2025-08-11		both	true
12813	13068	2025-09-22		both	true
12814	11227	2025-07-02	2026-01-27	both	true
12815	13038	2025-07-01		both	true
12816	11353	2025-07-24		both	true
12817	11461	2025-07-28		both	true
12818	11257	2025-07-16		both	true
12820	11407	2025-07-17		both	true
12822	11013	2025-07-15		both	true
12828	11611	2025-07-31		both	true
12829	13049	2025-08-11		both	true
12830	11107	2025-08-13		both	true
12832	10952	2025-08-26		both	true
12833	12820	2025-09-16		both	true
13834	12887	2025-09-16		both	true
13835	13069	2025-09-18		both	true
13836	11501	2025-10-30		both	true
13838	12822	2025-10-01		both	true
13839	11090	2025-09-30		both	true
13840	11499	2025-10-08		both	true
13842	13077	2025-10-08		both	true
13843	13081	2025-10-07		both	true
13845	10979	2025-10-09	2026-03-18	both	true
13846	13086	2025-10-09		both	true
13848	11581	2025-10-13		both	true
13849	11188	2025-10-15		both	true
13850	11188	2025-10-15		both	true
13851	13093	2025-10-16		both	true
13853	13094	2025-10-17		both	true
13854	13094	2025-10-17		both	true
13855	13094	2025-10-17		both	true
13856	13094	2025-10-22		both	true
13857	11583	2025-11-21		both	true
13858	11617	2025-10-31		both	true
13859	13102	2025-10-29		both	true
13860	13107	2025-10-31		both	true
13862	13109	2025-11-18		both	true
13863	13110	2025-11-03		both	true
13863	13111	2025-11-03		both	true
13863	13112	2025-11-03		both	true
13863	13113	2025-11-03		both	true
13863	13219	2026-02-25		both	true
13864	10962	2025-11-04		both	true
13865	11415			both	true
13865	13059	2025-11-05		both	true
13865	13115	2025-11-05		both	true
13867	13120	2025-11-12		both	true
13868	13120	2025-11-12		both	true
13869	13121	2025-11-12	2026-02-20	both	true
13871	13122	2025-11-25		both	true
13872	13122	2025-11-25		both	true
13873	13118	2025-12-10		both	true
13874	13123	2025-11-18		both	true
13875	13123	2025-11-18		both	true
13876	13109	2025-11-21		both	true
13878	13125	2025-11-25		both	true
13879	13125	2025-11-25		both	true
13880	13122	2025-12-03		both	true
13881	10941	2025-12-04		both	true
13882	13130	2025-12-05		both	true
13883	11599	2025-12-26		both	true
13886	13133	2026-01-27		both	true
13888	13134	2025-12-19		both	true
13889	13142	2026-01-06		both	true
13890	13135	2025-12-18	2025-12-22	both	true
13891	11189	2026-01-02		both	true
13892	13159	2026-03-10		both	true
13893	11135	2026-01-02		both	true
13894	11332	2026-01-02		both	true
13896	11091	2026-01-06		both	true
13897	13146	2026-01-13		both	true
13899	11416	2026-01-07		both	true
13900	12880	2026-01-20		both	true
13901	11091	2026-01-16		both	true
13904	11594	2026-04-03		both	true
13905	13166	2026-01-23		both	true
13907	13167	2026-01-16	2026-02-04	both	true
13912	13178	2026-01-26		both	true
13913	13185	2026-01-28		both	true
13914	13068	2026-01-26		both	true
13918	13181	2026-02-17		both	true
13920	13001	2026-02-10		both	true
13921	11637	2026-01-29		both	true
13922	12799	2026-01-30		both	true
13923	12949	2026-02-24		both	true
13928	12872	2026-02-06		both	true
13929	13202	2026-02-05		both	true
13931	13206	2026-02-06		both	true
13932	13188	2026-02-10		both	true
13933	13210	2026-02-11		both	true
13935	13210	2026-02-12		both	true
13936	13147	2026-02-18		both	true
13937	11314	2026-02-19		both	true
13939	11329	2026-02-25		both	true
13940	11092	2026-02-26		both	true
13941	13224	2026-03-30		both	true
13945	12837	2026-03-02		both	true
13947	13223	2026-03-03		both	true
13948	13223	2026-03-10		both	true
13949	13225	2026-03-10		both	true
13950	13226	2026-04-09		both	true
13951	12872	2026-03-13		both	true
13952	11166	2026-04-09		both	true
13954	10979	2026-04-09		both	true
13955	11576	2026-04-15		both	true
13958	11071	2026-04-28		both	true
13959	13111	2026-04-28		both	true
